Path,Path2,Score2,input,preds,stock
validation_plots/BEML_recommendation_200png.png,validation_plots/BEML_recommendation_400png.png,1,"[-0.35395506  1.3596908  -1.0908625   0.39950508  0.8697269  -0.9140049
 -0.57118756  0.21306406  2.06726     1.5793123  -0.24110168 -0.8110009
  0.07261337 -0.45181584 -1.5309138  -1.0110968  -0.43888918  1.2171322
 -1.0831887  -0.22996825  0.8529954  -0.8676151  -1.0340087   0.11110577
  1.234597    2.0960739  -0.47117227 -0.77993894 -0.12012054 -0.59835714
 -1.2193762  -0.7624791 ]",0.02981148,BEML
validation_plots/SAIL_recommendation_200png.png,validation_plots/SAIL_recommendation_400png.png,1,"[-0.05602995  1.2253805  -1.1495525   0.4644258   0.7233303  -0.9746428
 -0.7997059   0.28469807  1.6594765   1.3717705  -0.30638874 -0.7578159
 -0.25031286 -0.5100976  -1.2493637  -0.9453016   0.3600127   0.9834317
 -0.6767994   0.42325002  0.7518207  -0.8818309  -1.0605477  -0.22726572
  0.8778533   1.9462947  -0.24392125 -0.47505075 -0.52602303 -0.1902296
 -0.63654333 -0.4916911 ]",0.029223789,SAIL
validation_plots/GODREJPROP_recommendation_200png.png,validation_plots/GODREJPROP_recommendation_400png.png,1,"[-0.48725203  1.2459185  -1.1654087   0.29544967  0.91809577 -0.8174357
 -0.8181716   0.46602696  1.6211208   1.5493826  -0.44576362 -0.7411202
 -0.15604249 -0.5326267  -1.3498381  -0.91125214  0.08609355  1.0170169
 -0.72125137  0.14935674  0.71611863 -0.97251934 -0.98272914 -0.00240569
  0.951581    1.7656645  -0.28620678 -0.51168    -0.21279973 -0.4480222
 -0.85299754 -0.5801594 ]",0.02895321,GODREJPROP
validation_plots/CHAMBLFERT_recommendation_200png.png,validation_plots/CHAMBLFERT_recommendation_400png.png,1,"[-0.12864375  1.4045053  -0.88116837  0.5826386   0.9001284  -1.3033831
 -0.80108684  0.1422368   1.3846797   1.7599185  -0.3954042  -0.7276002
 -0.21259296 -0.6388825  -1.1439924  -0.6657717   0.5383099   1.0574098
 -0.28908062  0.1894881   0.59930575 -1.3508589  -1.2649342  -0.41639623
  0.6610062   1.9292574  -0.4054676  -0.35054758 -0.5890158  -0.01082372
  0.14819813 -0.28752443]",0.028335918,CHAMBLFERT
validation_plots/CENTURYTEX_recommendation_200png.png,validation_plots/CENTURYTEX_recommendation_400png.png,1,"[-0.75121164  1.4047625  -1.2117783   0.06146567  0.9429793  -0.83283526
 -0.5154499   0.2503704   1.5217521   1.7774953  -0.26031476 -0.6821964
  0.18815528 -0.7444255  -1.4242548  -0.7466521  -0.16644908  1.1684438
 -0.9150757  -0.1288583   0.943248   -1.002757   -0.919565    0.11875477
  1.0482953   1.9593738  -0.2224356  -0.7279918   0.0305217  -0.59331626
 -0.9490963  -0.6782802 ]",0.028291665,CENTURYTEX
validation_plots/RPOWER_recommendation_200png.png,validation_plots/RPOWER_recommendation_400png.png,1,"[ 0.14589149  0.99202454 -0.85241634  0.45134485  0.6230652  -0.98544246
 -0.8375695   0.05098218  1.8981527   1.2758325  -0.2716576  -0.7394582
 -0.4789397  -0.2737413  -1.0703778  -0.9445675   0.6547517   1.1102756
 -0.8009747  -0.01035452  0.38766024 -1.0488482  -1.3290774  -0.39883924
  1.4086801   1.8906868  -0.34465623 -0.73972404 -0.20867571 -0.38134825
 -0.5654842  -0.89720225]",0.027760759,RPOWER
validation_plots/RCF_recommendation_200png.png,validation_plots/RCF_recommendation_400png.png,1,"[-0.16389842  0.8719629  -0.46230227  0.5141942   0.42299584 -1.1825361
 -0.652811   -0.11087005  1.569625    1.7294846  -0.569471   -0.7665648
 -0.76882094 -0.47177097 -1.1075461  -0.7317049   0.35392377  0.9844823
 -0.47048512  0.13357712  0.5448207  -1.1867328  -1.401673   -0.35647014
  0.8677354   1.9227433  -0.62252295 -0.50772786 -0.6229529  -0.02892767
 -0.1461983  -0.39958543]",0.027733028,RCF
validation_plots/ADANIPOWER_recommendation_200png.png,validation_plots/ADANIPOWER_recommendation_400png.png,1,"[-0.35959384  1.3897959  -0.8109575   0.16767223  0.81350774 -0.7843224
 -0.5596536   0.34045526  1.6192195   1.3406093  -0.40086678 -0.6585144
  0.06812131 -0.7480702  -1.022322   -0.82823783  0.36478454  1.2194118
 -0.823515   -0.04905317  0.18199612 -0.75841564 -1.4296708  -0.44425398
  1.2188377   1.9637449  -0.5389149  -0.49578944 -0.2702418  -0.4156231
 -0.5500357  -0.73377544]",0.027629226,ADANIPOWER
validation_plots/IBREALEST_recommendation_200png.png,validation_plots/IBREALEST_recommendation_400png.png,1,"[ 0.19645979  1.0700608  -0.76379806  0.16091503  0.7072238  -1.0433052
 -0.9000497   0.17281492  1.6234493   1.3945287  -0.15880685 -0.80197126
 -0.26387817 -0.2268633  -0.893554   -0.86902845  0.57143515  1.2827121
 -0.5217323  -0.32831454  0.29621774 -0.9339443  -1.291157   -0.52413076
  0.78798866  2.0886254  -0.5201709  -0.20612088 -0.4280165  -0.48359165
  0.51193345 -0.3088185 ]",0.027400956,IBREALEST
validation_plots/NATIONALUM_recommendation_200png.png,validation_plots/NATIONALUM_recommendation_400png.png,1,"[-0.6654607   1.5449028  -1.1279199   0.2966364   0.9314385  -0.8065214
 -0.40234256  0.6259677   2.1791074   1.284358   -0.58487546 -0.6426105
  0.2677868  -0.58193    -1.4039581  -0.8490185  -0.19453754  1.1153504
 -0.9240273   0.29612976  0.8667915  -0.98621315 -0.9556258  -0.03900192
  1.1294334   1.7093306  -0.24172285 -0.34925285 -0.21613577 -0.506828
 -0.88494813 -0.60966843]",0.027274255,NATIONALUM
validation_plots/HEROMOTOCO_recommendation_200png.png,validation_plots/HEROMOTOCO_recommendation_400png.png,1,"[-0.17857625  1.2217324  -0.8859644   0.40839237  1.0048782  -0.7974274
 -0.81083655  0.50973386  1.6922485   1.1671985  -0.42348787 -0.6468662
 -0.11551543 -0.7248243  -0.8915628  -0.6723176   0.22241142  1.0220796
 -0.5272077   0.18203981  0.699827   -1.0892038  -0.88664746 -0.14977977
  0.80447793  1.8029099  -0.36308914 -0.5869484  -0.37263831 -0.27574912
 -0.5186974  -0.59695774]",0.027105954,HEROMOTOCO
validation_plots/IRB_recommendation_200png.png,validation_plots/IRB_recommendation_400png.png,1,"[-0.5985081   1.259233   -0.9105956  -0.04487751  1.3109335  -0.7278069
 -0.2670175   0.75365543  2.2989562   0.7905334  -0.15721805 -0.520866
  0.27562815 -0.2176519  -1.0644649  -0.43960476 -0.25034773  1.2445056
 -0.8839295   0.29545516  0.7435525  -0.89940757 -1.0539697  -0.04573997
  1.0915241   1.7895238  -0.3480944  -0.5092223  -0.07884093 -0.45060673
 -0.94363546 -0.6361158 ]",0.026985146,IRB
validation_plots/IDEA_recommendation_200png.png,validation_plots/IDEA_recommendation_400png.png,1,"[ 0.15554944  1.1222142  -0.8089807   0.7581245   0.6375672  -1.267386
 -0.8916966   0.13597848  1.9733084   1.4328068  -0.6706636  -0.9789164
 -0.6793798  -0.24456188 -1.2722168  -0.9171746   0.37698436  1.0476301
 -0.9499033   0.18519722  0.64098805 -1.1061282  -1.4424802  -0.17697822
  1.338052    1.6708987  -0.36392725 -0.7168279  -0.4788875  -0.32952142
 -0.70344406 -0.7526535 ]",0.026958141,IDEA
validation_plots/LICHSGFIN_recommendation_200png.png,validation_plots/LICHSGFIN_recommendation_400png.png,1,"[ 0.17859563  1.0081675  -0.8266605   0.57194626  0.7607943  -1.2215393
 -0.8727497   0.0861847   1.3525773   1.419595   -0.26229054 -0.6161578
 -0.3757284  -0.23073947 -0.83650935 -0.6679653   0.2951679   0.8631258
 -0.5055291   0.34080416  0.63145816 -1.1532924  -1.0752263  -0.29214993
  0.8771051   1.8205925  -0.4252542  -0.68397635 -0.5663458  -0.05916732
 -0.5761701  -0.6864708 ]",0.026847534,LICHSGFIN
validation_plots/VEDL_recommendation_200png.png,validation_plots/VEDL_recommendation_400png.png,1,"[-0.57821095  1.3989986  -0.8601589   0.13609503  1.0186331  -0.99989974
 -0.5543246   0.19518971  1.2815932   1.6693629  -0.21728241 -0.4903268
  0.3048308  -0.4651055  -1.1583848  -0.42626703  0.20495266  1.0452304
 -0.43010294  0.23677154  0.47836432 -1.3265016  -1.2681729  -0.30325076
  0.86126363  1.9078535  -0.64378643 -0.04049315 -0.71575654 -0.1918796
  0.20133281 -0.14022818]",0.026729725,VEDL
validation_plots/NAUKRI_recommendation_200png.png,validation_plots/NAUKRI_recommendation_400png.png,1,"[ 0.02077177  0.9375186  -0.8017074   0.62534535  0.74056983 -1.3385677
 -0.86628354 -0.18032075  1.1663198   1.5797532  -0.18992935 -0.6235945
 -0.38693887 -0.24014354 -0.9111731  -0.69016755  0.51222396  0.78750056
 -0.38613155  0.24916165  0.6702427  -1.0392214  -0.8674663  -0.311727
  0.73786235  1.7414873  -0.39002553 -0.34065336 -0.29868406 -0.31794286
 -0.36902204 -0.38104224]",0.026624251,NAUKRI
validation_plots/MANAPPURAM_recommendation_200png.png,validation_plots/MANAPPURAM_recommendation_400png.png,1,"[ 0.29516843  0.98608613 -0.78589237  0.6033413   0.7258262  -1.4128969
 -0.91589797 -0.01720104  1.3901694   1.5397829  -0.2709115  -0.78229237
 -0.4703657  -0.3492116  -0.89316237 -0.6632689   0.509511    0.77776366
 -0.44015852  0.2719857   0.6439975  -1.0726564  -1.0059977  -0.35302573
  0.91151154  1.8407233  -0.31228304 -0.49098977 -0.4604081  -0.26425838
 -0.5403003  -0.49375778]",0.026620805,MANAPPURAM
validation_plots/MGL_recommendation_200png.png,validation_plots/MGL_recommendation_400png.png,1,"[ 0.19304238  0.8851265  -0.746658    0.6529879   0.68403435 -1.3820171
 -1.0167952   0.08425274  1.7873809   1.4356211  -0.3687083  -0.87902117
 -0.59999806 -0.39354664 -0.9697871  -0.7986967   0.33096555  0.9515437
 -0.726223    0.59075195  0.7515149  -1.1166849  -0.9342549  -0.39326558
  1.0811193   1.7709318  -0.18472196 -0.44745052 -0.44042554 -0.13879892
 -0.57831293 -0.50909185]",0.02659832,MGL
validation_plots/BPCL_recommendation_200png.png,validation_plots/BPCL_recommendation_400png.png,1,"[ 0.23236123  0.8254623  -1.3600774   0.18162759  1.0852965  -0.6585999
 -0.65427953  0.0920617   2.3564172   0.64942753 -0.31735903 -0.75181776
 -0.05512919 -0.8377143  -0.6918864  -0.7446737   0.5098884   1.1240747
 -0.80656815  0.55167335  0.92976755 -0.96207905 -1.0936375  -0.35792917
  1.052149    1.7749226  -0.3956732  -0.36966088 -0.23970953 -0.19848904
 -0.5263761  -0.25464225]",0.026533648,BPCL
validation_plots/HFCL_recommendation_200png.png,validation_plots/HFCL_recommendation_400png.png,1,"[ 0.04114164  1.0431483  -0.8664016   0.38854063  0.7322152  -1.257343
 -0.8866573   0.25585243  1.6350025   1.4506464  -0.2797017  -0.9562154
 -0.42847243 -0.3356059  -1.0789012  -0.80378515  0.76481295  1.0657588
 -0.39225417 -0.03920778  0.565952   -1.1645808  -1.2882465  -0.5642486
  0.78923094  1.6031872  -0.67469966  0.10012379 -0.44928464 -0.18465199
  0.8733221  -0.00518555]",0.02641289,HFCL
validation_plots/BOSCHLTD_recommendation_200png.png,validation_plots/BOSCHLTD_recommendation_400png.png,1,"[-0.2821502   1.0933989  -1.1920574   0.29343116  0.88979393 -0.9619377
 -0.877363    0.3361612   1.5004511   1.2657272  -0.4378231  -0.5700435
 -0.31686285 -0.41780832 -0.91368127 -0.7173891   0.42084464  1.001101
 -0.57548934  0.48400342  0.9438003  -0.9786556  -0.9290709  -0.13098678
  0.805876    1.6383196  -0.14070097 -0.2768676  -0.41869238 -0.3576523
 -0.55467415 -0.31659412]",0.026363038,BOSCHLTD
validation_plots/HINDPETRO_recommendation_200png.png,validation_plots/HINDPETRO_recommendation_400png.png,1,"[-0.3363753   1.3160833  -0.8292242   0.15061446  0.95179254 -0.77730566
 -0.13854854  0.718382    2.532851    0.9351498  -0.18702044 -0.94567823
 -0.05709277 -0.5237364  -0.95987236 -0.94632906 -0.03782216  1.2104068
 -0.9777358   0.67491966  0.70913297 -0.9127683  -1.0432035  -0.31487808
  1.2795402   1.8269981  -0.470944   -0.55293906 -0.26708496 -0.3729084
 -0.883971   -0.6147157 ]",0.025855117,HINDPETRO
validation_plots/NMDC_recommendation_200png.png,validation_plots/NMDC_recommendation_400png.png,1,"[-0.5139585   1.2482129  -0.75477314  0.53334796  0.7461436  -0.7614682
 -0.572871    0.4676866   1.7782384   1.0700853  -0.56293213 -0.6994615
  0.02573827 -0.8959313  -1.0319159  -0.90164185  0.10581946  1.0234655
 -0.8746781   0.28377295  0.78753936 -1.0542245  -1.3541867   0.00741517
  1.0282173   1.5705153  -0.37182164 -0.5147653  -0.41806152 -0.51095057
 -0.73533744 -0.5683808 ]",0.025705311,NMDC
validation_plots/IOC_recommendation_200png.png,validation_plots/IOC_recommendation_400png.png,1,"[-0.46740153  1.1935971  -1.029774    0.12789308  1.0174849  -0.434499
 -0.32409316  0.6353759   2.3939643   0.66189265 -0.10667171 -0.5013957
 -0.09579505 -0.3642444  -1.0274704  -0.85382766 -0.09681634  1.0689484
 -0.8068598   0.48587847  0.86251664 -1.0570607  -0.9030645   0.00489748
  1.1675147   1.4638332  -0.25107908 -0.44735652 -0.18231298 -0.57227033
 -0.87216735 -0.6661954 ]",0.025620751,IOC
validation_plots/WOCKPHARMA_recommendation_200png.png,validation_plots/WOCKPHARMA_recommendation_400png.png,1,"[-0.45559725  1.3634595  -0.75496435 -0.17534678  1.3019372  -0.70734096
 -0.39907566  0.82392025  2.4031355   0.7745986  -0.5185593  -0.4217533
  0.6778596  -0.6037362  -1.2616043  -0.5782999  -0.35969552  1.5708413
 -0.981767   -0.17910978  0.7097959  -0.6529948  -1.05027    -0.16236217
  0.8909888   2.1892817  -0.57964563 -0.34159648  0.16148475 -0.46427545
 -0.7588883  -0.7019067 ]",0.025587332,WOCKPHARMA
validation_plots/ABB_recommendation_200png.png,validation_plots/ABB_recommendation_400png.png,1,"[-0.59477836  1.3804126  -1.2578452   0.15711589  0.9893482  -0.7169815
 -0.57275385 -0.13913782  1.2497916   1.8862091  -0.25022882 -0.5142541
  0.07173446 -0.35423464 -0.993286   -0.54762906 -0.2759006   1.3063843
 -0.98584086  0.2895072   0.9482885  -1.0362743  -0.8193557   0.2325149
  1.2315253   1.8020637  -0.24870458 -0.5734188  -0.16549003 -0.62728685
 -1.0515136  -0.50315195]",0.025147919,ABB
validation_plots/CUMMINSIND_recommendation_200png.png,validation_plots/CUMMINSIND_recommendation_400png.png,1,"[-0.7818222   1.4696459  -1.1834761  -0.07341422  1.0569022  -0.8761635
 -0.34475878  0.5299169   1.4575635   1.4277772  -0.35930282 -0.5680336
  0.31874713 -0.4268328  -0.9700594  -0.4025604  -0.3785561   1.1550827
 -0.7285909   0.2076618   0.94513327 -1.165472   -0.70676726  0.07096574
  0.8788167   1.7493289  -0.17800288 -0.35165617 -0.14782499 -0.59711355
 -0.88853645 -0.42036557]",0.025032282,CUMMINSIND
validation_plots/GMRINFRA_recommendation_200png.png,validation_plots/GMRINFRA_recommendation_400png.png,1,"[ 0.16560724  0.987108   -0.8903889   0.57826513  0.7044843  -1.2633805
 -0.7951927   0.220044    1.6681762   1.3432332  -0.27005285 -0.8642248
 -0.4410766  -0.42270583 -1.0425097  -0.93231046  0.41465977  0.993742
 -0.9416158   0.18693028  0.80365884 -0.9969236  -1.2907383  -0.01250757
  1.1559571   1.5431029  -0.3765787  -0.6096754  -0.40750775 -0.43199253
 -0.7239931  -0.5987488 ]",0.02490066,GMRINFRA
validation_plots/GAIL_recommendation_200png.png,validation_plots/GAIL_recommendation_400png.png,1,"[-0.40397736  1.070493   -1.068225    0.24745838  0.8898955  -0.9465891
 -0.7021204   0.44774622  1.5161148   1.4504719  -0.34439313 -0.5791469
 -0.21332407 -0.7165778  -1.0269401  -0.7164454  -0.16295989  1.0234715
 -0.8557718   0.2988639   0.95713097 -1.1500902  -0.8219479   0.00426305
  1.0815756   1.5965129  -0.28370714 -0.4558426  -0.2728875  -0.57390046
 -0.94420624 -0.6049854 ]",0.02482564,GAIL
validation_plots/COALINDIA_recommendation_200png.png,validation_plots/COALINDIA_recommendation_400png.png,1,"[-0.2649966   1.0387847  -0.952042    0.42071337  0.84123474 -0.6680182
 -0.635216    0.6026918   1.6887615   0.9896568  -0.62569356 -0.50663996
 -0.17339092 -0.8312706  -0.914201   -0.6690702   0.12316804  0.90680933
 -1.0346122   0.47834092  0.8063697  -0.95695674 -1.1883745  -0.0544886
  1.1466031   1.6357322  -0.33213365 -0.563079   -0.26326436 -0.41785055
 -0.9697856  -0.69704   ]",0.024819367,COALINDIA
validation_plots/YESBANK_recommendation_200png.png,validation_plots/YESBANK_recommendation_400png.png,1,"[ 0.39900887  0.91155076 -0.9215943   0.4354216   0.7976525  -1.2396207
 -0.9009489   0.15037209  1.7089214   1.304063   -0.24915373 -0.9100286
 -0.46029127 -0.49718043 -0.8976133  -0.8834436   0.72571534  1.0570272
 -0.54613364  0.49702024  0.7965421  -0.76829773 -1.3497181  -0.21722375
  0.97207963  1.6532202  -0.460778   -0.12301698 -0.2254534  -0.03592749
 -0.13955584 -0.22158971]",0.024756458,YESBANK
validation_plots/RIIL_recommendation_200png.png,validation_plots/RIIL_recommendation_400png.png,1,"[ 0.33403456  0.89922917 -0.7637851   0.66250014  0.6828013  -1.0472229
 -1.1162016   0.25882652  1.8805963   1.1491795  -0.6029897  -0.7970732
 -0.46269315 -0.48901168 -0.8877679  -0.9335767   0.84286076  1.0394958
 -0.42367235  0.09468466  0.7041194  -1.1616318  -1.2542278  -0.45701253
  0.715611    1.5228076  -0.42970565  0.15984325 -0.12806404 -0.06347334
  0.38537604  0.06056774]",0.02473981,RIIL
validation_plots/EXIDEIND_recommendation_200png.png,validation_plots/EXIDEIND_recommendation_400png.png,1,"[-0.39476314  1.2770056  -0.98031014  0.23327751  0.97612286 -0.90399194
 -0.65203786  0.17174695  1.2746378   1.6928629  -0.2905534  -0.5385365
  0.16550918 -0.61095876 -1.1160133  -0.6232371  -0.13414252  1.0969315
 -0.93351936  0.14600928  0.9726095  -1.0432827  -0.88530844  0.05925468
  1.0385725   1.8341182  -0.31299698 -0.51643443 -0.02269606 -0.36865613
 -0.87640333 -0.53819513]",0.02468516,EXIDEIND
validation_plots/FORTIS_recommendation_200png.png,validation_plots/FORTIS_recommendation_400png.png,1,"[ 0.350905    0.8205923  -0.77600724  0.5344433   0.8692343  -1.1518536
 -0.74900156 -0.04233983  1.2619001   1.4100982  -0.19749592 -0.53575253
 -0.40687397 -0.3258165  -0.8371022  -0.5579708   0.5798895   0.7350382
 -0.2888519   0.2054127   0.7622012  -1.1446104  -1.0472547  -0.16417056
  0.9076016   1.6662148  -0.39902875 -0.4695019  -0.4139203  -0.38429758
 -0.36892614 -0.54455024]",0.02448687,FORTIS
validation_plots/ONGC_recommendation_200png.png,validation_plots/ONGC_recommendation_400png.png,1,"[ 0.06329996  1.0462482  -1.1524899   0.43665075  0.84620965 -1.2160847
 -1.0080044   0.287745    1.739983    1.3417156  -0.52684915 -0.91156137
 -0.5819093  -0.45544875 -0.76885074 -0.8417037   0.1544634   1.0871618
 -0.79767334  0.5505983   0.9223711  -1.0622087  -1.1238571   0.02450144
  1.0708368   1.4833106  -0.23169467 -0.35430858 -0.22445107 -0.60188895
 -0.8177426  -0.5168025 ]",0.024482172,ONGC
validation_plots/DLF_recommendation_200png.png,validation_plots/DLF_recommendation_400png.png,1,"[-2.3471449e-02  1.1320161e+00 -1.0179366e+00  5.7375962e-01
  8.2151401e-01 -7.5874841e-01 -8.3435273e-01  5.5476820e-01
  1.8185290e+00  1.1136246e+00 -5.1800871e-01 -6.7611849e-01
 -3.5958505e-01 -7.2689199e-01 -8.4049976e-01 -7.7365029e-01
  1.8270661e-01  1.0112711e+00 -7.6844490e-01  2.8024018e-01
  7.9722732e-01 -1.1676283e+00 -9.1458309e-01  1.7801914e-03
  1.0298465e+00  1.4264227e+00 -1.7001431e-01 -4.2515796e-01
 -2.5906035e-01 -6.1054397e-01 -8.2659912e-01 -6.0395998e-01]",0.024262719,DLF
validation_plots/TORNTPOWER_recommendation_200png.png,validation_plots/TORNTPOWER_recommendation_400png.png,1,"[-0.7944056   1.6417137  -0.9985532   0.15236883  1.243372   -0.7989463
 -0.24157365  0.5075121   2.1062076   1.1501615  -0.3897775  -0.5126021
  0.34468248 -0.5274632  -1.27252    -0.63085777 -0.24026974  1.236881
 -0.9685725   0.22267838  0.93614465 -0.7939042  -0.71957564 -0.02785322
  1.2683178   1.6353619  -0.18498583 -0.51333296  0.04087477 -0.31852037
 -0.8267379  -0.44347018]",0.02410781,TORNTPOWER
validation_plots/POWERGRID_recommendation_200png.png,validation_plots/POWERGRID_recommendation_400png.png,1,"[ 0.07361142  0.93569577 -0.9732029   0.43921632  0.8685476  -1.0918407
 -0.94425344  0.30139035  1.4410232   1.1643558  -0.2847752  -0.4901584
 -0.2916602  -0.44554606 -0.9109149  -0.6116682   0.12600204  0.97730696
 -0.80102766  0.47470546  0.8491401  -1.1175032  -0.9558938  -0.08999246
  0.86174667  1.5074077  -0.10951924 -0.31657323 -0.3486125  -0.3306171
 -0.67386353 -0.44221056]",0.024100065,POWERGRID
validation_plots/ALKEM_recommendation_200png.png,validation_plots/ALKEM_recommendation_400png.png,1,"[ 0.22354978  1.1119183  -0.91131335  0.73802316  0.8464369  -0.98439544
 -0.7849953   0.271171    1.6232425   1.277775   -0.48495376 -0.754222
 -0.46967137 -0.49525437 -0.8328532  -0.782407    0.3678916   0.86765945
 -0.7097955   0.54104036  0.81848854 -0.97391963 -0.9393801  -0.19523343
  1.125818    1.52799    -0.33581394 -0.29004896 -0.3100702  -0.3322139
 -0.6637899  -0.51315933]",0.024080068,ALKEM
validation_plots/HINDCOPPER_recommendation_200png.png,validation_plots/HINDCOPPER_recommendation_400png.png,1,"[-1.0258414   1.6388429  -0.6696751  -0.04953071  1.004584   -0.6702837
  0.06516846  0.64286876  2.245777    0.9386209  -0.5127306  -0.6707462
  0.50224626 -0.48042062 -1.0760497  -0.8047326  -0.48191497  1.2968254
 -0.7851418  -0.25359917  0.88236016 -0.82518417 -0.91456187  0.04544388
  1.1068528   1.8018193  -0.46923673 -0.4579122  -0.00754659 -0.5769672
 -0.73208994 -0.5488851 ]",0.024022758,HINDCOPPER
validation_plots/UNIONBANK_recommendation_200png.png,validation_plots/UNIONBANK_recommendation_400png.png,1,"[ 0.5017487   0.9927027  -1.0025762   0.45503402  0.80459034 -1.1067603
 -0.98376155  0.2183892   1.6610651   1.1879238  -0.18082915 -0.6666112
 -0.23758715 -0.26902965 -0.80202395 -0.74713993  0.45618945  1.0330368
 -0.8563578   0.27240717  0.75027406 -0.97330606 -1.3869776  -0.15978408
  1.1039104   1.6871569  -0.35641736 -0.47941995 -0.43720183 -0.306855
 -0.57705826 -0.5634357 ]",0.02398248,UNIONBANK
validation_plots/JSWENERGY_recommendation_200png.png,validation_plots/JSWENERGY_recommendation_400png.png,1,"[ 0.16202696  1.0829377  -0.8016695   0.36157072  0.6774081  -1.1815634
 -1.1035634  -0.11526091  1.2278255   1.6455595  -0.35409665 -0.65092415
 -0.44340757 -0.20395908 -0.78023034 -0.78637946  0.4950028   0.94993865
 -0.74052984 -0.05348966  0.68107843 -1.0116001  -1.2397908  -0.19778627
  1.054714    1.7526156  -0.1984422  -0.4976168  -0.41424587 -0.5770802
 -0.6031501  -0.5327159 ]",0.023806155,JSWENERGY
validation_plots/TATAPOWER_recommendation_200png.png,validation_plots/TATAPOWER_recommendation_400png.png,1,"[ 0.06485514  0.8327814  -0.82512736  0.30416226  0.8372043  -1.0712478
 -0.74636555  0.37867793  1.5599238   1.0574279  -0.25413817 -0.5226031
 -0.3942437  -0.7359364  -0.75536925 -0.654348    0.36697757  1.0080873
 -0.6845633   0.27559525  0.8753672  -0.9800909  -1.0784732  -0.12740715
  0.9577712   1.59674    -0.23592794 -0.35319552 -0.30823153 -0.3233834
 -0.6766383  -0.45334947]",0.02372457,TATAPOWER
validation_plots/BHARTIARTL_recommendation_200png.png,validation_plots/BHARTIARTL_recommendation_400png.png,1,"[ 0.2699241   1.0297904  -0.81563777  0.61753297  0.88338774 -1.1883967
 -0.987639    0.10508057  1.2232872   1.4941599  -0.40451166 -0.5405816
 -0.18147175 -0.4179007  -0.85135734 -0.56384635  0.45854113  0.7703212
 -0.2712613   0.24515752  0.7194753  -1.0703988  -0.79561615 -0.16570738
  0.6989019   1.517144   -0.3272019  -0.26221287 -0.4387454  -0.40190166
 -0.15131268 -0.2731767 ]",0.023705974,BHARTIARTL
validation_plots/MOTHERSON_recommendation_200png.png,validation_plots/MOTHERSON_recommendation_400png.png,1,"[-0.2868113   1.2022476  -0.8527227  -0.02822788  0.9458192  -1.1121843
 -0.82517856  0.06072394  0.88390994  2.0875883  -0.29916233 -0.7315105
 -0.14912221 -0.49108973 -0.85643446 -0.6258052  -0.14872348  1.0068865
 -0.53407025  0.10923855  0.85209715 -1.2176197  -0.7591359  -0.0123779
  0.84765565  1.7678989  -0.4618656  -0.36084464 -0.3190973  -0.5315905
 -0.63230664 -0.4089023 ]",0.02370084,MOTHERSON
validation_plots/APOLLOTYRE_recommendation_200png.png,validation_plots/APOLLOTYRE_recommendation_400png.png,1,"[ 0.30661663  0.7048999  -0.62747437  0.44836777  0.7044337  -1.3257947
 -0.83071715  0.01559247  1.4470992   1.3044084  -0.39847407 -0.7428944
 -0.5890376  -0.4893985  -0.68586314 -0.6376508   0.46056497  0.7928226
 -0.53701335  0.62523824  0.762356   -1.2912273  -0.8875021  -0.29854578
  1.1249666   1.6165879  -0.31592703 -0.3813763  -0.382274   -0.35201728
 -0.634882   -0.47477752]",0.023599647,APOLLOTYRE
validation_plots/INDIGO_recommendation_200png.png,validation_plots/INDIGO_recommendation_400png.png,1,"[-0.09958453  1.2421658  -0.9924318   0.43360853  0.95292467 -0.95547765
 -0.87783504  0.34589007  1.4350771   1.432458   -0.29854888 -0.6779598
 -0.13996169 -0.6253092  -1.132748   -0.6715263   0.15186854  0.98624444
 -0.8482472   0.6216706   0.8210469  -1.209136   -1.0300255  -0.06556149
  1.1265919   1.3674952  -0.26455963 -0.25568718 -0.3221404  -0.45547265
 -0.77393    -0.42602223]",0.023530837,INDIGO
validation_plots/PNB_recommendation_200png.png,validation_plots/PNB_recommendation_400png.png,1,"[ 0.24536452  0.933656   -0.9691857   0.2906899   0.7577078  -1.0008751
 -0.97286546  0.36950868  1.7348801   1.1825473  -0.3511523  -0.6740276
 -0.4790641  -0.45188642 -0.6829312  -0.6578003  -0.06488357  1.1718974
 -0.8972535   0.22630288  0.7484415  -0.8535376  -1.1513956   0.02478889
  1.257319    1.6910248  -0.33314824 -0.6904256  -0.20542783 -0.5398175
 -0.9259783  -0.8615745 ]",0.023503546,PNB
validation_plots/MUTHOOTFIN_recommendation_200png.png,validation_plots/MUTHOOTFIN_recommendation_400png.png,1,"[ 0.38595626  0.85742116 -0.71270806  0.6004449   0.7509261  -1.0490534
 -0.9599325  -0.40027612  1.0726157   1.8130814  -0.40663663 -0.39289084
 -0.48161507 -0.13332434 -0.881063   -0.57807857  0.5977943   0.79366213
 -0.28111726  0.29490733  0.66142666 -1.1790977  -1.0073844  -0.26065683
  0.8026906   1.6075351  -0.47001082 -0.3255791  -0.42599502 -0.23930576
 -0.07630402 -0.3482728 ]",0.023435958,MUTHOOTFIN
validation_plots/CONCOR_recommendation_200png.png,validation_plots/CONCOR_recommendation_400png.png,1,"[ 0.46234986  0.9879447  -0.7893074   0.4277709   0.93863314 -1.3685756
 -0.8124371  -0.0341676   1.279529    1.4513613  -0.1177239  -0.59159434
 -0.3562308  -0.31965953 -0.72112983 -0.55119026  0.67538947  0.9378288
 -0.23839     0.19675283  0.6348332  -1.03447    -1.0523362  -0.25533232
  0.657081    1.6389706  -0.5425986  -0.1089099  -0.47414672 -0.05506089
  0.3424571  -0.06633961]",0.023402892,CONCOR
validation_plots/INDHOTEL_recommendation_200png.png,validation_plots/INDHOTEL_recommendation_400png.png,1,"[ 0.3423662   0.92253506 -0.85689867  0.35782957  0.7680616  -1.1076305
 -0.89292616  0.11218326  1.3962841   1.3962368  -0.2438105  -0.73193514
 -0.40910402 -0.22641125 -0.799154   -0.74217486  0.36878613  0.97970736
 -0.63044286  0.46003294  0.8960615  -1.2263768  -0.8928991  -0.09579514
  1.0347121   1.5964469  -0.11945068 -0.37656805 -0.39260465 -0.48868802
 -0.56852347 -0.37746537]",0.023363464,INDHOTEL
validation_plots/STAR_recommendation_200png.png,validation_plots/STAR_recommendation_400png.png,1,"[-0.02110759  1.0196452  -0.89050627  0.12523673  0.7180943  -1.0331473
 -0.74816895  0.42688918  1.4675483   1.1747394  -0.35794032 -0.57456154
 -0.27942738 -0.6717121  -0.9063568  -0.7247497   0.07160998  1.0190523
 -0.7986277   0.06742558  0.8549087  -1.0337837  -0.9898899   0.04956331
  1.0776993   1.7072829  -0.19690941 -0.54041624 -0.11821336 -0.45586124
 -0.8301698  -0.68020684]",0.023203649,STAR
validation_plots/SIEMENS_recommendation_200png.png,validation_plots/SIEMENS_recommendation_400png.png,1,"[-0.47192374  1.3375676  -0.97804266  0.19216053  0.98168063 -0.92867386
 -0.56935984 -0.08353476  1.168258    1.6936725  -0.18176477 -0.4039704
  0.04206503 -0.44654503 -0.9103966  -0.47391582 -0.30852383  1.117001
 -0.8164718   0.3106253   0.96652067 -1.0043006  -0.8245518   0.09301142
  0.97791183  1.632441   -0.28571218 -0.31895542 -0.20222043 -0.47297302
 -0.89024305 -0.42912996]",0.023111418,SIEMENS
validation_plots/ZYDUSLIFE_recommendation_200png.png,validation_plots/ZYDUSLIFE_recommendation_400png.png,1,"[-0.3425424   1.1229063  -1.0629036   0.17640664  0.9140455  -0.9138243
 -0.72794354  0.36148128  1.2799731   1.3223438  -0.24387461 -0.51212186
 -0.07869011 -0.6249879  -0.86176574 -0.7159661  -0.30181277  1.1790022
 -0.8159117   0.30135387  0.91820115 -0.84342223 -0.78492576  0.32075155
  1.1078024   1.5650557  -0.37916142 -0.52637714 -0.11584476 -0.8295568
 -1.0890975  -0.6302652 ]",0.022981457,ZYDUSLIFE
validation_plots/VOLTAS_recommendation_200png.png,validation_plots/VOLTAS_recommendation_400png.png,1,"[ 0.33208373  0.9359889  -0.71828973  0.2664765   0.8861112  -1.1800342
 -0.9900636   0.1275334   1.0673045   1.3972869  -0.24072963 -0.4064727
 -0.1918232  -0.51586324 -0.6724301  -0.44853407  0.3391405   0.9108429
 -0.37131056  0.2643661   0.5770516  -0.9045622  -1.0618963  -0.19266585
  0.7834939   1.7268276  -0.3312983  -0.26197398 -0.5017623  -0.0888304
 -0.14868471 -0.3767594 ]",0.022779003,VOLTAS
validation_plots/NTPC_recommendation_200png.png,validation_plots/NTPC_recommendation_400png.png,1,"[ 0.3525272   1.0503168  -1.0157042   0.4618525   0.9608776  -1.0098991
 -1.0281      0.2707655   1.5179056   1.2614663  -0.33782643 -0.6934668
 -0.3637631  -0.40119454 -0.8568722  -0.59501994  0.20005067  0.82815707
 -0.84133816  0.36684072  0.86167336 -0.98669213 -1.0977257   0.00234086
  1.072281    1.4562517  -0.237768   -0.44119996 -0.33789757 -0.3954753
 -0.6859272  -0.5426672 ]",0.02276764,NTPC
validation_plots/HINDALCO_recommendation_200png.png,validation_plots/HINDALCO_recommendation_400png.png,1,"[ 0.2316246   1.0311799  -0.79613847  0.71922565  0.7067324  -1.1246247
 -0.9532624  -0.3231229   1.1753647   1.7047299  -0.28102756 -0.43070114
 -0.54590464 -0.18008555 -0.85791826 -0.5205698   0.74636775  0.89046144
 -0.2890403   0.21946605  0.6574865  -1.0906427  -1.1987903  -0.34444734
  0.62390685  1.4323987  -0.39539823  0.02284406 -0.343124   -0.05710673
  0.30321708 -0.081813  ]",0.02260758,HINDALCO
validation_plots/VBL_recommendation_200png.png,validation_plots/VBL_recommendation_400png.png,1,"[ 0.0718999   0.9303223  -0.9995406   0.43869328  0.854426   -0.8984651
 -0.824698    0.35479325  1.4832457   1.1802247  -0.29252195 -0.565573
 -0.36050436 -0.68037826 -0.78777295 -0.7547778   0.1792656   0.9767568
 -0.8969273   0.33983433  0.88130325 -1.069516   -0.9065247   0.05135293
  1.1034654   1.3742002  -0.08497732 -0.3929914  -0.22713575 -0.40688798
 -0.76338524 -0.5457003 ]",0.022520334,VBL
validation_plots/IPCALAB_recommendation_200png.png,validation_plots/IPCALAB_recommendation_400png.png,1,"[ 0.5871855   1.0728253  -0.86946553  0.705784    0.9058303  -1.1241717
 -1.3038232   0.07278147  1.4223489   1.376237   -0.5268111  -0.66385466
 -0.2969544  -0.32580188 -0.64263815 -0.51800305  0.70316184  0.8113956
 -0.37369192  0.2517423   0.7925132  -0.95779216 -1.072037   -0.26460564
  0.7651906   1.5845906  -0.4175354  -0.19318026 -0.43047383 -0.313625
 -0.01760199 -0.26054063]",0.022489738,IPCALAB
validation_plots/AARTIIND_recommendation_200png.png,validation_plots/AARTIIND_recommendation_400png.png,1,"[ 0.5159676   1.0538497  -0.8199716   0.40287268  0.7591579  -1.3287857
 -1.1010563   0.05041084  1.4286865   1.5001976  -0.45274583 -0.91234064
 -0.41138944 -0.57536906 -0.84900427 -0.6793174   0.88231575  1.2050879
 -0.28529033 -0.28535306  0.70690066 -0.87896806 -1.1520057  -0.62845796
  0.51822543  1.5499508  -0.78017426  0.5478311  -0.11457109 -0.681676
  1.1841244   0.2928679 ]",0.022444874,AARTIIND
validation_plots/JINDALSTEL_recommendation_200png.png,validation_plots/JINDALSTEL_recommendation_400png.png,1,"[ 0.52832264  1.1078757  -0.7799334   0.45088893  0.81624603 -1.0068886
 -1.2081856  -0.2534727   1.0097139   1.8903279  -0.28974247 -0.6003815
 -0.32318747 -0.14720833 -0.6447553  -0.4810868   0.45109004  0.80158716
 -0.31206274  0.23617502  0.7371058  -1.1761024  -1.1754065  -0.15223208
  0.9323603   1.707972   -0.44054428 -0.42404604 -0.53716385 -0.2923462
 -0.47438946 -0.39176935]",0.022359077,JINDALSTEL
validation_plots/EICHERMOT_recommendation_200png.png,validation_plots/EICHERMOT_recommendation_400png.png,1,"[ 3.5025182e-01  8.6447811e-01 -5.9811550e-01  5.7809895e-01
  8.0568862e-01 -1.2258391e+00 -8.4409374e-01 -2.7757350e-01
  1.0498980e+00  1.6260319e+00 -3.3684033e-01 -3.7782791e-01
 -4.7043192e-01 -2.9757699e-01 -8.5300088e-01 -5.8453929e-01
  6.0033309e-01  8.1559867e-01 -4.1749722e-01  4.4087952e-01
  7.1486956e-01 -1.1877067e+00 -1.0690433e+00 -4.2827436e-01
  6.9761312e-01  1.5077583e+00 -4.3808082e-01 -4.7783777e-02
 -4.1293487e-01  8.4897317e-04 -1.5204724e-02 -7.4355595e-02]",0.02231647,EICHERMOT
validation_plots/TATAMOTORS_recommendation_200png.png,validation_plots/TATAMOTORS_recommendation_400png.png,1,"[ 0.09763883  1.0508622  -1.0609623   0.50638306  0.8893302  -1.0329763
 -0.91657233  0.4791782   1.6320746   1.1465101  -0.42824963 -0.7061198
 -0.32355937 -0.49233434 -0.6905664  -0.61264473  0.12825347  1.013857
 -0.88154036  0.3787073   0.8385785  -1.0794187  -0.89818084  0.17620999
  1.1683965   1.4226435  -0.20316248 -0.42967588 -0.21401182 -0.65141577
 -0.7981197  -0.5864582 ]",0.022247933,TATAMOTORS
validation_plots/AMBUJACEM_recommendation_200png.png,validation_plots/AMBUJACEM_recommendation_400png.png,1,"[ 0.1768825   1.1632332  -0.8222066   0.4437514   0.8642207  -1.2808969
 -0.88781404  0.2746829   1.2715334   1.2399904  -0.16046883 -0.6884261
 -0.34223276 -0.3520076  -0.6890953  -0.67079914  0.9277794   1.1842511
 -0.5493892  -0.30282468  0.34757057 -0.99289125 -1.2457479  -0.6434306
  0.6465088   1.3200483  -0.5916388   0.27420384 -0.15982199 -0.5540445
  1.1913074   0.14876622]",0.022174813,AMBUJACEM
validation_plots/JUSTDIAL_recommendation_200png.png,validation_plots/JUSTDIAL_recommendation_400png.png,1,"[ 0.3432427   0.9580313  -0.6190113   0.5685666   0.7550612  -1.2287819
 -0.9421666  -0.27523527  1.1859221   1.7527357  -0.30259484 -0.6518325
 -0.45491964 -0.2829457  -0.7281124  -0.6509061   0.22561267  0.79051095
 -0.50862175  0.50598997  0.7809804  -1.5106509  -0.8279325  -0.09320183
  1.0845718   1.5128046  -0.20056023 -0.5296155  -0.45481658 -0.38048318
 -0.66756797 -0.5030071 ]",0.022141054,JUSTDIAL
validation_plots/CANBK_recommendation_200png.png,validation_plots/CANBK_recommendation_400png.png,1,"[-0.02193514  0.98115313 -0.95677596  0.41468686  0.8287523  -1.1175404
 -0.9913325  -0.06236726  1.251182    1.4124821  -0.12370854 -0.47643352
 -0.272272   -0.56446123 -1.0056072  -0.67648226  1.2045069   1.0601552
 -0.8047059  -0.20742351  0.7464786  -0.97466904 -1.110396   -0.34715173
  1.3504627   1.1697383  -0.13203222  0.01616664 -0.21703818 -0.33855125
 -0.5636091  -0.3776729 ]",0.021426998,CANBK
validation_plots/PERSISTENT_recommendation_200png.png,validation_plots/PERSISTENT_recommendation_400png.png,1,"[ 0.19585373  0.8023243  -0.5504682   0.47378486  0.7015117  -1.4585481
 -0.9488713   0.14433569  1.4394672   1.3804661  -0.4457098  -0.74243903
 -0.5451507  -0.4974827  -0.7098099  -0.5889703   0.26036558  1.0904711
 -0.84943366  0.5888116   0.7648921  -1.105854   -1.1661847  -0.11716752
  1.3477384   1.4939755  -0.29664487 -0.57320064 -0.33787087 -0.3313018
 -0.76289386 -0.54405075]",0.021363921,PERSISTENT
validation_plots/IOB_recommendation_200png.png,validation_plots/IOB_recommendation_400png.png,1,"[ 0.55378973  1.000584   -1.2273786   0.33114582  0.80511236 -0.9021654
 -1.50289     0.14378114  1.8928071   1.3230007  -0.39854935 -0.7592266
 -0.36287567 -0.25845838 -0.6829118  -0.85136074 -0.74909806  1.4671055
 -1.0824064   0.07134366  0.9225833  -0.6236939  -0.85906446  0.06748684
  1.49982     1.5074129  -0.30063105 -0.5821592   0.26298174 -0.5026745
 -1.1698236  -0.63228554]",0.021301486,IOB
validation_plots/PETRONET_recommendation_200png.png,validation_plots/PETRONET_recommendation_400png.png,1,"[ 0.54146117  0.7371219  -0.4776724   0.21009184  0.7870115  -1.2384641
 -1.0232608  -0.08506262  0.91197205  1.675436   -0.21570322 -0.5359947
 -0.38954338 -0.34556612 -0.36910114 -0.44576508  0.48490572  0.80786586
 -0.3965614   0.463122    0.6992743  -1.0711045  -0.9471326  -0.38701484
  0.9973141   1.7397624  -0.27230495 -0.3394326  -0.51288897 -0.03673742
 -0.23867315 -0.26098225]",0.021189049,PETRONET
validation_plots/SUNPHARMA_recommendation_200png.png,validation_plots/SUNPHARMA_recommendation_400png.png,1,"[ 0.43711263  0.8659407  -0.8152245   0.43193126  0.81123894 -1.1309056
 -0.9925446   0.12128936  1.140801    1.2621192  -0.3006487  -0.54300267
 -0.34014788 -0.37688535 -0.46102867 -0.5747313   0.7304668   0.7611033
 -0.37613592  0.34661686  0.86682737 -0.91413224 -1.0221499  -0.18887402
  0.77846587  1.5529151  -0.2897383  -0.17311329 -0.28154868 -0.30907458
 -0.13325167 -0.26756653]",0.021072023,SUNPHARMA
validation_plots/GODREJCP_recommendation_200png.png,validation_plots/GODREJCP_recommendation_400png.png,1,"[ 0.47225487  0.74979836 -0.46712986  0.3230167   0.90003306 -1.3340361
 -0.72314763 -0.02710712  1.0300771   1.4239291  -0.17783473 -0.35972896
 -0.339864   -0.3785375  -0.5229496  -0.46294212  0.44489723  0.77487683
 -0.37957418  0.6853521   0.6682138  -1.146528   -0.9316218  -0.32110763
  1.0131589   1.5555649  -0.45256552 -0.232061   -0.53285176 -0.28948727
 -0.4385144  -0.33716047]",0.020962276,GODREJCP
validation_plots/LUPIN_recommendation_200png.png,validation_plots/LUPIN_recommendation_400png.png,1,"[ 0.36183655  0.9603635  -0.9542464   0.36036015  0.94579774 -1.0871308
 -1.097128    0.2968169   1.4135406   1.3309947  -0.36257625 -0.7480938
 -0.35949466 -0.4030165  -0.5943012  -0.56511503  0.23886824  0.89428306
 -0.81385595  0.23276843  0.8360101  -1.0311301  -1.001342    0.07344309
  1.0104305   1.3194555  -0.2854597  -0.3393886  -0.27374682 -0.5760049
 -0.6193725  -0.52321434]",0.020826884,LUPIN
validation_plots/BHEL_recommendation_200png.png,validation_plots/BHEL_recommendation_400png.png,1,"[-5.1375723e-01  1.6068715e+00 -8.0067891e-01  1.6797094e-01
  1.2809352e+00 -4.3653166e-01  8.9524314e-04  7.2315019e-01
  2.0647073e+00  9.0552801e-01 -3.7185121e-01 -5.8003420e-01
  5.2915347e-01 -6.0277778e-01 -7.9522902e-01 -5.3836441e-01
 -4.5405427e-01  1.5709636e+00 -9.1785216e-01 -2.8260553e-01
  1.0823376e+00 -7.4123740e-01 -7.2568715e-01  2.4458621e-01
  1.2430346e+00  1.9273727e+00 -4.0596798e-01 -7.0259440e-01
  4.0296653e-01 -5.4326922e-01 -1.0439376e+00 -5.3349972e-01]",0.020720683,BHEL
validation_plots/BHARATFORG_recommendation_200png.png,validation_plots/BHARATFORG_recommendation_400png.png,1,"[ 0.16322447  0.9303688  -0.5364229   0.3472227   0.68767077 -0.967916
 -0.7310205  -0.253381    0.7834655   1.7797096  -0.31190205 -0.19051066
 -0.46446025 -0.16202872 -0.42897505 -0.33238602  0.20718652  0.85798454
 -0.36004496  0.22510059  0.6055585  -1.3373065  -1.186634   -0.14861259
  0.91062987  1.5496624  -0.3901467  -0.47273195 -0.61448103 -0.2525242
 -0.42210764 -0.5758693 ]",0.020647757,BHARATFORG
validation_plots/BSOFT_recommendation_200png.png,validation_plots/BSOFT_recommendation_400png.png,1,"[ 0.21055123  1.0575479  -0.6764055   0.71681094  0.71863115 -0.9115532
 -0.81898403  0.5561495   1.8947029   0.8705389  -0.69496    -0.8017681
 -0.33965015 -0.65621054 -0.6977801  -0.83072084  0.24053371  1.0107934
 -0.851633    0.1778004   0.6935173  -0.7663108  -0.94811445  0.2721975
  1.3689895   1.2652199  -0.29556972 -0.581273   -0.02245759 -0.46864966
 -0.8053597  -0.760773  ]",0.020486057,BSOFT
validation_plots/TVSMOTOR_recommendation_200png.png,validation_plots/TVSMOTOR_recommendation_400png.png,1,"[ 0.11892556  1.061475   -0.7507755   0.5444124   0.80424714 -1.0881424
 -0.87373435  0.31777948  1.390122    1.2445289  -0.32433856 -0.57734406
 -0.3718705  -0.60283446 -1.06881    -0.6924416  -0.05581928  0.9861591
 -0.8632805   0.32706153  0.86142653 -1.0590332  -0.8982302   0.18815011
  1.1495352   1.2738987  -0.24488315 -0.38573053 -0.2247077  -0.518995
 -0.6428522  -0.5014844 ]",0.020455547,TVSMOTOR
validation_plots/RELINFRA_recommendation_200png.png,validation_plots/RELINFRA_recommendation_400png.png,1,"[ 9.8347813e-01  9.8965287e-01 -9.9241346e-01  4.2457080e-01
  8.0951554e-01 -1.4010904e+00 -1.4195293e+00 -3.2187590e-01
  1.7533025e+00  1.1861808e+00 -7.2591209e-01 -5.4757673e-01
 -1.2838215e-01 -2.2952914e-01 -2.4757680e-01 -3.5920054e-01
  1.1117477e+00  1.1194364e+00 -6.0058975e-01  2.9431474e-01
  8.6056870e-01 -1.0971811e+00 -1.3969609e+00 -4.8842713e-01
  1.2675736e+00  1.7622658e+00 -4.1807559e-01 -4.2314392e-01
 -4.2339601e-03 -9.1203861e-04 -1.2466229e-01 -3.4608376e-01]",0.020404026,RELINFRA
validation_plots/GRASIM_recommendation_200png.png,validation_plots/GRASIM_recommendation_400png.png,1,"[ 0.27530774  0.75509125 -0.39699793  0.58441365  0.5955523  -1.3392313
 -0.86254627 -0.3445822   0.8760779   1.6339223  -0.40078548 -0.42663753
 -0.6608701  -0.20079356 -0.4052158  -0.30624261  0.7448918   0.8553922
 -0.27820244  0.19223572  0.7012602  -1.0605774  -1.1192373  -0.24857605
  0.7241808   1.6496658  -0.45248303 -0.31189692 -0.43673655 -0.13948826
  0.18280253 -0.19522476]",0.02019997,GRASIM
validation_plots/BAJAJ-AUTO_recommendation_200png.png,validation_plots/BAJAJ-AUTO_recommendation_400png.png,1,"[-0.37001708  1.1625824  -0.8949838   0.14754955  0.9963162  -0.62580067
 -0.6409144   0.6735443   1.6691238   0.79955983 -0.504402   -0.41436908
  0.05499197 -0.79479736 -0.75132436 -0.5331546  -0.39084306  1.1396629
 -1.0021718   0.18986382  0.9412025  -0.9389888  -0.59043705  0.07651494
  1.0720925   1.4169849  -0.17336853 -0.2810895   0.13038105 -0.6177022
 -0.85088336 -0.45830828]",0.020167954,BAJAJ-AUTO
validation_plots/TRENT_recommendation_200png.png,validation_plots/TRENT_recommendation_400png.png,1,"[-0.38504043  1.3990248  -1.0975193   0.064144    1.1190354  -0.5206641
 -0.33669817  0.49815142  1.7645043   1.1752129  -0.36613405 -0.41865796
  0.23610575 -0.55661964 -0.95538765 -0.39094365 -0.3143432   1.3659867
 -0.9412222   0.07143325  0.9148076  -0.8027765  -0.5486462   0.1503138
  1.0903529   1.7050871  -0.30205053 -0.33855075  0.34812975 -0.5314754
 -0.89738    -0.44005907]",0.020055048,TRENT
validation_plots/ULTRACEMCO_recommendation_200png.png,validation_plots/ULTRACEMCO_recommendation_400png.png,1,"[ 0.3258044   0.73857373 -0.311302    0.5974374   0.75856805 -1.398879
 -0.7905326  -0.11474061  1.0122112   1.3624963  -0.2733813  -0.28680518
 -0.43097654 -0.3672751  -0.46061358 -0.23126641  0.48700005  0.6790422
 -0.29420626  0.50440395  0.6763699  -1.2057505  -0.85753244 -0.3022491
  0.8160393   1.4918022  -0.3486657  -0.23040602 -0.50304127 -0.25180855
 -0.26547202 -0.23563817]",0.01993423,ULTRACEMCO
validation_plots/FSL_recommendation_200png.png,validation_plots/FSL_recommendation_400png.png,1,"[ 0.250091    0.7775936  -0.4753246   0.4948756   0.71525097 -1.4626172
 -0.8167097  -0.10681231  1.1917462   1.552707   -0.31893706 -0.6748743
 -0.515251   -0.3842443  -0.65616554 -0.44350505  0.41246203  1.0073401
 -0.95222735  0.5186376   0.84360033 -0.993805   -1.1434509  -0.01112296
  1.3336115   1.5202693  -0.2502569  -0.568265   -0.28948405 -0.45725992
 -0.9800589  -0.58456147]",0.019868366,FSL
validation_plots/SBIN_recommendation_200png.png,validation_plots/SBIN_recommendation_400png.png,1,"[ 0.455476    0.81792396 -0.5585684   0.34536523  0.77746695 -1.1593633
 -0.9108634  -0.08188012  0.9650718   1.540408   -0.2174249  -0.3218171
 -0.32263526 -0.303279   -0.5373127  -0.36676034  0.68691427  0.906674
 -0.3896935   0.24770339  0.6967195  -0.97834736 -0.96158296 -0.23730412
  0.6282153   1.4801675  -0.31828398  0.05238248 -0.28461665 -0.14363185
  0.40932584  0.02780158]",0.019700825,SBIN
validation_plots/GRAPHITE_recommendation_200png.png,validation_plots/GRAPHITE_recommendation_400png.png,1,"[ 0.9727747   0.89366007 -0.8184771   0.5305321   0.95537347 -1.30737
 -1.2421796  -0.44634116  1.2147158   1.5265405  -0.4104009  -0.36209586
 -0.1620593  -0.21731585 -0.24459913 -0.18563113  0.705325    0.86812365
 -0.568446    0.11356546  0.639734   -1.050636   -1.1138027  -0.42088506
  1.0287038   1.6601071  -0.40509555 -0.44216943 -0.33831003 -0.29808727
 -0.32934496 -0.6036704 ]",0.019689314,GRAPHITE
validation_plots/TATASTEEL_recommendation_200png.png,validation_plots/TATASTEEL_recommendation_400png.png,1,"[ 0.6736      0.8631673  -0.5702885   0.40024173  0.7516912  -1.2812815
 -0.99644834 -0.26777923  1.0609914   1.7465038  -0.31238288 -0.50823975
 -0.4572963  -0.29966325 -0.40497118 -0.5471006   0.6010842   0.79763585
 -0.45833525  0.4179306   0.757006   -1.0914488  -1.1708282  -0.2617796
  0.959903    1.5215311  -0.5205862  -0.28988898 -0.44668552 -0.14586915
 -0.20432803 -0.21084887]",0.019659303,TATASTEEL
validation_plots/BANKINDIA_recommendation_200png.png,validation_plots/BANKINDIA_recommendation_400png.png,1,"[ 0.90006596  0.9516597  -0.791344    0.51537347  0.90313464 -1.1073043
 -1.1212145  -0.12307732  1.4557308   1.4100217  -0.2494399  -0.39407012
 -0.0841292  -0.3212261  -0.4880949  -0.31427032  0.80848277  1.0005546
 -0.6979457   0.19123714  0.8614127  -0.8856885  -1.352795   -0.1678566
  1.1014507   1.7545308  -0.3049215  -0.4622736  -0.28185055 -0.24609724
 -0.3719695  -0.43818635]",0.019608274,BANKINDIA
validation_plots/POONAWALLA_recommendation_200png.png,validation_plots/POONAWALLA_recommendation_400png.png,1,"[ 0.95182014  0.849421   -0.6588359   0.5415002   1.0383552  -1.3165696
 -1.1097689  -0.09825957  1.4090732   1.3383553  -0.29589838 -0.5030954
 -0.21991333 -0.44357595 -0.58725595 -0.26464683  0.7913905   0.7953687
 -0.6359983   0.51592755  0.8498322  -1.1830025  -1.1057776  -0.29227945
  1.2513629   1.6290303  -0.33631665 -0.4397565  -0.24667382 -0.14393674
 -0.5334173  -0.46304125]",0.019483574,POONAWALLA
validation_plots/SHRIRAMFIN_recommendation_200png.png,validation_plots/SHRIRAMFIN_recommendation_400png.png,1,"[ 0.3816766   0.78461844 -0.5414645   0.4564249   0.74159473 -1.5109291
 -0.8997544  -0.2452695   1.0942128   1.7111136  -0.20024566 -0.673178
 -0.5227979  -0.38100648 -0.5973937  -0.47932065  0.2550969   1.007703
 -0.85352916  0.5321025   0.85699457 -1.0580599  -1.0009323   0.0470461
  1.2278165   1.5041584  -0.19595073 -0.50707465 -0.22793779 -0.56419677
 -0.92898655 -0.55089915]",0.019051336,SHRIRAMFIN
validation_plots/BANKBARODA_recommendation_200png.png,validation_plots/BANKBARODA_recommendation_400png.png,1,"[ 0.6798249   0.7911787  -0.47650784  0.3774699   0.74002504 -1.4147129
 -1.00819    -0.24141139  0.9978335   1.4941512  -0.45958495 -0.4323519
 -0.31188732 -0.27325082 -0.30381045 -0.2553125   0.6145144   0.8998095
 -0.4416883   0.4325809   0.86365694 -1.0200181  -1.0426449  -0.17841558
  1.0221812   1.705135   -0.24805549 -0.31718427 -0.24819514 -0.29764226
 -0.53817266 -0.47200197]",0.018920593,BANKBARODA
validation_plots/ABFRL_recommendation_200png.png,validation_plots/ABFRL_recommendation_400png.png,1,"[ 0.26389     0.9315475  -0.4806882   0.5729703   0.55682176 -1.1139114
 -0.9085415  -0.35113797  1.0953577   1.8687919  -0.50599396 -0.39834878
 -0.51943713  0.0873691  -0.44207168 -0.4288444   1.0179722   1.3492867
 -0.6343052  -0.7584913   0.5001818  -1.0539811  -1.3909394  -0.8889484
  0.45439872  1.2819617  -0.931203    0.43097836  0.22148074 -0.89725214
  1.3986801   0.18039648]",0.018682718,ABFRL
validation_plots/CEATLTD_recommendation_200png.png,validation_plots/CEATLTD_recommendation_400png.png,1,"[ 0.68018574  0.8539914  -0.61518013  0.5853694   0.8026127  -1.6314807
 -1.0345569  -0.1546916   1.3102165   1.2349489  -0.45372537 -0.39014015
 -0.35146886 -0.19849357 -0.26378927 -0.23090231  0.83818746  0.7910915
 -0.40147227  0.32247573  0.7733596  -0.9864242  -0.92796445 -0.29601407
  1.042965    1.6076847  -0.37441218 -0.26355886 -0.20005138 -0.4100235
 -0.26574263 -0.35517192]",0.018613525,CEATLTD
validation_plots/HEG_recommendation_200png.png,validation_plots/HEG_recommendation_400png.png,1,"[ 0.7451303   1.0604525  -0.752657    0.5744995   0.7096925  -0.88244146
 -1.2566535  -0.43768993  1.2837461   1.912055   -0.58730876 -0.48416728
 -0.15925726 -0.13891082 -0.6698156  -0.5373174   0.08358342  1.1833746
 -0.84662503  0.28082764  0.813353   -1.2204881  -0.8230546   0.22342299
  1.3797343   1.3507912  -0.26870084 -0.5835512  -0.15718067 -0.62591517
 -0.970672   -0.73937565]",0.018491894,HEG
validation_plots/GUJGASLTD_recommendation_200png.png,validation_plots/GUJGASLTD_recommendation_400png.png,1,"[ 0.5052811   0.8018248  -0.38575897  0.4494207   0.6669953  -1.3409915
 -0.83358914  0.0360727   1.2434793   1.4327979  -0.4230176  -0.6354005
 -0.4216732  -0.40202275 -0.5640673  -0.51473945  0.86212254  1.0449232
 -0.48469734  0.05074757  0.7790094  -1.226784   -1.4635814  -0.3038265
  0.88371027  1.4012148  -0.58688676  0.2839904  -0.24581611 -0.19964303
  0.8965384   0.25137794]",0.018475294,GUJGASLTD
validation_plots/GLENMARK_recommendation_200png.png,validation_plots/GLENMARK_recommendation_400png.png,1,"[ 0.05587763  1.069213   -0.8110555   0.5029145   0.6591385  -1.1015725
 -0.91839635 -0.29077485  1.0950748   1.8380173  -0.1166658  -0.34930167
 -0.37861937 -0.17396998 -0.9489567  -0.4812603  -0.19705291  1.107706
 -0.9550187   0.09351642  0.9537384  -1.0274416  -0.66213334  0.49042112
  1.4312043   1.5544577  -0.38538235 -0.6690924  -0.12504412 -0.8060535
 -0.88134086 -0.6618991 ]",0.018428333,GLENMARK
validation_plots/TATACONSUM_recommendation_200png.png,validation_plots/TATACONSUM_recommendation_400png.png,1,"[ 0.5916141   0.7234157  -0.4999224   0.59151787  0.8832423  -1.3448794
 -0.86251765 -0.10772151  1.1085466   1.2054782  -0.22207138 -0.25606167
 -0.21227688 -0.30655926 -0.28701982 -0.16888747  0.77624136  0.80638134
 -0.3141547   0.30489057  0.83707047 -0.93654263 -0.97764146 -0.16817223
  0.7798388   1.5182419  -0.3548689  -0.15624326 -0.1798415  -0.34053445
 -0.08549861 -0.16711926]",0.018299744,TATACONSUM
validation_plots/UBL_recommendation_200png.png,validation_plots/UBL_recommendation_400png.png,1,"[ 0.5564945   0.7495603  -0.44366688  0.6646228   0.70875823 -1.2053616
 -0.86874104 -0.4186596   1.0336373   1.5669345  -0.33523345 -0.26548833
 -0.5260533  -0.19171283 -0.40559882 -0.35297734  0.7804523   0.9508021
 -0.27231717  0.04798548  0.76334345 -1.1077993  -1.2486905  -0.3679458
  0.6887636   1.3817375  -0.6370076   0.3013851  -0.32623732 -0.27908066
  0.8895631   0.2412911 ]",0.018274695,UBL
validation_plots/NCC_recommendation_200png.png,validation_plots/NCC_recommendation_400png.png,1,"[-0.5351596   1.3073331  -1.244967    0.08618802  1.0010891  -0.6785094
 -0.67237633  0.535209    1.8319063   1.3981669  -0.42310193 -0.72571635
  0.18404742 -0.781931   -1.0027328  -0.6503334  -0.51246434  1.6017942
 -1.1849402   0.19484149  1.1462343  -0.642153   -0.5702625   0.6932849
  1.6649681   1.3955265  -0.5087432  -0.51497996  0.5114892  -0.8922808
 -1.206948   -0.4586715 ]",0.018199384,NCC
validation_plots/DMART_recommendation_200png.png,validation_plots/DMART_recommendation_400png.png,1,"[ 0.55814475  0.7860355  -0.4257273   0.59804595  0.7062244  -0.9742145
 -1.0272727  -0.38639218  0.9153819   1.705734   -0.3997586  -0.26325202
 -0.4073126  -0.17990743 -0.41576803 -0.3312065   0.7593594   0.9930502
 -0.36850962  0.06274183  0.76612747 -0.9951246  -1.1718568  -0.35409886
  0.67644775  1.407656   -0.6050441   0.23139518 -0.2145586  -0.31101912
  0.7058349   0.1435707 ]",0.018111095,DMART
validation_plots/CIPLA_recommendation_200png.png,validation_plots/CIPLA_recommendation_400png.png,1,"[ 0.58798033  0.676917   -0.4333639   0.53299713  0.8216249  -1.2519739
 -0.96695846 -0.20326021  1.0228343   1.422965   -0.32942855 -0.27741018
 -0.39656562 -0.32293865 -0.31839547 -0.19261464  0.7405461   0.6809658
 -0.20617622  0.37372732  0.7571787  -0.942045   -1.0456884  -0.27108604
  0.7779412   1.3979751  -0.42784104 -0.00834827 -0.36311048 -0.24600369
  0.10465141  0.01055516]",0.018021315,CIPLA
validation_plots/ACC_recommendation_200png.png,validation_plots/ACC_recommendation_400png.png,1,"[ 0.58619636  0.81447226 -0.4538452   0.37363023  0.6797838  -1.3838427
 -1.0105332  -0.07671212  1.1413851   1.382106   -0.48173183 -0.5206141
 -0.3252885  -0.38964418 -0.3460919  -0.45057702  1.0742507   1.3651731
 -0.5597692  -0.5895584   0.46412113 -1.0476029  -1.2875652  -0.7231771
  0.6504909   1.4018091  -0.7663145   0.45968074  0.07666652 -0.7627457
  1.3545363   0.17286624]",0.017910838,ACC
validation_plots/PATANJALI_recommendation_200png.png,validation_plots/PATANJALI_recommendation_400png.png,1,"[ 0.71010655  1.0754411  -0.4259114   0.57358694  0.82618564 -1.5523288
 -1.1542797  -0.37106445  1.2806505   1.3013431  -0.6989658  -0.41388538
 -0.27283973 -0.01287462 -0.02742951 -0.15533319  1.0577954   1.0039756
 -0.50011843 -0.1036933   0.52866435 -1.1052196  -1.3064098  -0.67873824
  0.78888226  1.4419128  -0.41623703 -0.04595913 -0.1368457  -0.17614119
  0.67101353 -0.05441298]",0.017867722,PATANJALI
validation_plots/SUNTV_recommendation_200png.png,validation_plots/SUNTV_recommendation_400png.png,1,"[ 0.353404    0.90489376 -0.45351958  0.67154324  0.6531817  -1.1546302
 -1.1933696  -0.37977758  0.95077777  1.672294   -0.7058264  -0.11994027
 -0.5751099  -0.16733754 -0.25882843 -0.2568956   0.61117524  0.7321635
 -0.2776206   0.15967275  0.68340474 -1.2842624  -1.1441815  -0.17983182
  0.8893473   1.5110507  -0.40957358 -0.3918183  -0.5300054  -0.49047324
 -0.11370731 -0.34049863]",0.017696612,SUNTV
validation_plots/WIPRO_recommendation_200png.png,validation_plots/WIPRO_recommendation_400png.png,1,"[ 0.6654868   0.78082216 -0.44541988  0.46226943  0.7521467  -1.5047264
 -0.98077893 -0.3470362   1.0454903   1.4147774  -0.38416654 -0.34131873
 -0.3628987  -0.1539691  -0.25314716 -0.30419517  0.90949786  0.8782892
 -0.42839193  0.3480239   0.8739024  -1.1970758  -1.2123994  -0.4165742
  0.8595092   1.3920511  -0.53216195  0.01393749 -0.17893381 -0.08898897
  0.29853377  0.07235871]",0.017551675,WIPRO
validation_plots/APOLLOHOSP_recommendation_200png.png,validation_plots/APOLLOHOSP_recommendation_400png.png,1,"[ 0.69880414  0.6870862  -0.45577347  0.48820168  0.8768583  -1.260848
 -0.9252418  -0.10114065  1.1494731   1.1228024  -0.15977068 -0.19928038
 -0.24724135 -0.29058436 -0.2795587  -0.09138023  0.750005    0.763062
 -0.33426976  0.34507328  0.7494389  -0.77209204 -0.8949344  -0.2696184
  0.7399416   1.4904474  -0.4180129  -0.0226772  -0.20260493 -0.21126314
 -0.0862051   0.00710762]",0.017538413,APOLLOHOSP
validation_plots/ASTRAL_recommendation_200png.png,validation_plots/ASTRAL_recommendation_400png.png,1,"[ 0.68869567  0.83592916 -0.46033436  0.6335691   0.74037623 -1.2503912
 -1.1515265  -0.5800491   0.9287523   1.5538772  -0.4303008  -0.17794764
 -0.35944667 -0.0084539  -0.10339046 -0.13184083  0.4785037   0.7282955
 -0.17081615  0.4702698   0.73930484 -1.4653938  -0.8400491  -0.16649184
  0.9102217   1.300067   -0.3406887  -0.18319115 -0.440174   -0.349845
 -0.21330035 -0.1827521 ]",0.017350405,ASTRAL
validation_plots/HAVELLS_recommendation_200png.png,validation_plots/HAVELLS_recommendation_400png.png,1,"[ 0.7629571   0.9747826  -0.5910102   0.27083987  0.73679614 -0.91445965
 -1.2139277  -0.2986262   0.7609097   1.8044028  -0.33233404 -0.2945143
 -0.48248184 -0.07629007 -0.03436188 -0.36351183  0.6567923   0.8592738
 -0.37150255  0.34540445  0.71867126 -1.2715762  -0.95403403 -0.3136308
  0.84553385  1.6592335  -0.48250854 -0.23976074 -0.40582487 -0.17633137
 -0.01975759 -0.09740444]",0.017328598,HAVELLS
validation_plots/INDIANB_recommendation_200png.png,validation_plots/INDIANB_recommendation_400png.png,1,"[ 0.6344586   0.76558656 -0.48877335  0.35810524  0.7325023  -1.2933884
 -1.198895   -0.3100221   1.0353417   1.5887926  -0.34111553 -0.37083426
 -0.37158746 -0.23573253 -0.38596734 -0.37514663  0.3362084   1.099637
 -1.0318812   0.54676604  0.83561194 -1.0133824  -1.3199227  -0.0291366
  1.3312151   1.5279546  -0.3803622  -0.5623633  -0.35749778 -0.4289347
 -0.87206006 -0.6554116 ]",0.017218843,INDIANB
validation_plots/RELIANCE_recommendation_200png.png,validation_plots/RELIANCE_recommendation_400png.png,1,"[ 0.53238     0.6243981  -0.3508577   0.58064926  0.7503684  -1.3355134
 -0.95275074 -0.24328205  0.98931885  1.435074   -0.4013485  -0.2805226
 -0.49748304 -0.3312532  -0.3388187  -0.22570273  0.833165    0.8505465
 -0.3233979   0.2268944   0.8141105  -1.0251817  -1.1349182  -0.27436513
  0.74693537  1.3473731  -0.51253444  0.03004395 -0.23924294 -0.14771938
  0.47100422  0.12944818]",0.017138682,RELIANCE
validation_plots/LT_recommendation_200png.png,validation_plots/LT_recommendation_400png.png,1,"[ 0.542197    0.7791978  -0.45129022  0.651565    0.83296543 -1.3709142
 -0.8843927  -0.18158115  1.0352434   1.2741139  -0.20715903 -0.20031914
 -0.35338622 -0.32483843 -0.33678284 -0.20549005  0.4164818   1.0251081
 -0.8358886   0.5574097   0.890428   -1.092453   -1.1188862  -0.02879347
  1.0881915   1.4723239  -0.33898592 -0.5064356  -0.29653913 -0.35379907
 -0.5643291  -0.50344074]",0.017010368,LT
validation_plots/GNFC_recommendation_200png.png,validation_plots/GNFC_recommendation_400png.png,1,"[ 0.83718127  1.0458074  -0.53072727  0.665093    0.8444865  -1.2508872
 -1.2631174  -0.38869494  1.2300185   1.4955146  -0.6999037  -0.34190732
 -0.32217735 -0.10716484 -0.26550463 -0.18509161  1.0037009   0.8952024
 -0.44707635  0.11934684  0.82383096 -1.2750411  -1.242231   -0.3673714
  0.91862786  1.4208701  -0.48914957 -0.08498339 -0.22609583 -0.15632175
  0.24644095 -0.01457951]",0.016928814,GNFC
validation_plots/IDBI_recommendation_200png.png,validation_plots/IDBI_recommendation_400png.png,1,"[ 0.86892384  0.8033142  -0.3304665   0.30178833  0.8274132  -1.2163031
 -1.0800858  -0.11263071  1.0466655   1.3028842  -0.29294348 -0.3699099
 -0.2552277  -0.20697396 -0.11713371 -0.12985039  0.7066487   0.9454057
 -0.50178814  0.30259073  0.83021075 -1.0566509  -1.2233822  -0.19715786
  1.0505146   1.7162304  -0.46758747 -0.53814065 -0.33337244 -0.17225729
 -0.45640597 -0.616779  ]",0.016871937,IDBI
validation_plots/AUROPHARMA_recommendation_200png.png,validation_plots/AUROPHARMA_recommendation_400png.png,1,"[ 0.30273753  0.79054344 -0.57571733  0.46395302  0.8173273  -1.2803695
 -0.7697107   0.00361835  1.2274714   1.5419748  -0.18503447 -0.5584067
 -0.58062166 -0.45017263 -0.89349604 -0.6013385  -0.22614978  1.1091471
 -0.98148924  0.05174474  0.9543769  -0.9199666  -0.57720065  0.5260937
  1.4517419   1.3340005  -0.39156744 -0.608229   -0.02977452 -0.7563463
 -0.8233572  -0.71144265]",0.016599067,AUROPHARMA
validation_plots/HSCL_recommendation_200png.png,validation_plots/HSCL_recommendation_400png.png,1,"[ 0.11743028  1.0802275  -0.658208    0.7671862   0.68640697 -1.3669107
 -0.73464686  0.0508077   1.5882055   1.4771817  -0.37420332 -0.8066742
 -0.52892727 -0.57059914 -1.1732813  -0.89697385 -0.4112346   1.4176495
 -0.849539   -0.38673484  1.2461202  -0.8961851  -0.32662874  0.61553425
  1.9789493   0.9367617  -0.13566491 -0.3857306   0.5297276  -0.5117174
 -0.80552053 -0.30105293]",0.016420439,HSCL
validation_plots/FEDERALBNK_recommendation_200png.png,validation_plots/FEDERALBNK_recommendation_400png.png,1,"[ 0.6537357   0.90352046 -0.3960973   0.44547582  0.7213271  -1.3062096
 -1.1105996  -0.6647023   0.86272705  1.5554522  -0.3763337  -0.10578527
 -0.37918735  0.04954226  0.08336153 -0.11096504  0.80285853  0.81430423
 -0.30786052  0.27179664  0.77301764 -1.1563072  -1.1622547  -0.414647
  0.7490653   1.4317491  -0.46833938 -0.00575428 -0.33996284 -0.11497779
  0.3121801  -0.03131589]",0.016417429,FEDERALBNK
validation_plots/JSWSTEEL_recommendation_200png.png,validation_plots/JSWSTEEL_recommendation_400png.png,1,"[ 0.879308    0.9446373  -0.4098152   0.47139102  0.79168206 -1.2831748
 -1.082957   -0.46858245  0.9415014   1.5750927  -0.45581487 -0.19647351
 -0.23127982  0.1338233   0.04121054  0.02323749  0.81253344  0.8355582
 -0.51957226  0.34955376  0.79794693 -1.1200695  -1.1857975  -0.48742393
  0.7540659   1.5098578  -0.46068263 -0.05676453 -0.24560478 -0.15054056
  0.20483619 -0.02220066]",0.01640305,JSWSTEEL
validation_plots/MRF_recommendation_200png.png,validation_plots/MRF_recommendation_400png.png,1,"[ 0.6965524   0.6817648  -0.47795206  0.59821117  0.8435507  -1.2554414
 -0.9119075  -0.04944509  1.1528711   1.1516623  -0.4016091  -0.26152277
 -0.29359946 -0.41477418 -0.31200412 -0.10469168  0.87702644  0.75490844
 -0.46659833  0.34003747  0.96335053 -0.85569525 -0.9708193  -0.18369149
  0.7937858   1.4833364  -0.2156744  -0.1431583  -0.09184924 -0.33776367
 -0.02502258 -0.04723127]",0.016367674,MRF
validation_plots/CGPOWER_recommendation_200png.png,validation_plots/CGPOWER_recommendation_400png.png,1,"[ 0.25115907  1.1135886  -0.52902436  0.27902603  0.7203438  -0.99387014
 -1.0038513  -0.197445    0.8576745   1.7523341  -0.20188059 -0.25763977
 -0.3771414  -0.3063423  -0.69839865 -0.38434726  0.07846982  1.1408719
 -0.8735916   0.46883273  0.90548974 -1.0351654  -0.90288764  0.29949275
  1.290965    1.4024162  -0.44107422 -0.4622445  -0.05924077 -0.6999149
 -1.0185106  -0.48498195]",0.016146995,CGPOWER
validation_plots/LAURUSLABS_recommendation_200png.png,validation_plots/LAURUSLABS_recommendation_400png.png,1,"[ 1.0168039   0.9385456  -0.38285506  0.50900304  0.8276012  -1.18525
 -1.1715214  -0.64719105  1.1218771   1.6439312  -0.6466017  -0.17637965
 -0.08306763  0.0501123  -0.01300826  0.07920614  0.95290625  1.0568713
 -0.40429887 -0.19109492  0.59668475 -1.276233   -1.3974376  -0.7182778
  0.8140664   1.346542   -0.8807653   0.23839697 -0.2797497  -0.43321055
  1.104392    0.11738264]",0.015943065,LAURUSLABS
validation_plots/CROMPTON_recommendation_200png.png,validation_plots/CROMPTON_recommendation_400png.png,1,"[ 0.5114708   0.9802668  -0.71313006  0.38467824  0.7227289  -0.8249423
 -1.1744746  -0.36289486  1.1135851   1.9549341  -0.47120214 -0.0492772
 -0.4827367  -0.23326784 -0.02392803 -0.32853138  0.83148015  1.1031222
 -0.48301125 -0.36907798  0.64734036 -1.1186638  -1.1648724  -0.69260406
  0.51222396  1.1586154  -0.691435    0.31231442 -0.05230398 -0.6078612
  1.2888914   0.15318492]",0.0157324,CROMPTON
validation_plots/MCDOWELL-N_recommendation_200png.png,validation_plots/MCDOWELL-N_recommendation_400png.png,1,"[ 0.6221441   0.7516009  -0.26906732  0.63893235  0.8065644  -1.1951182
 -0.9164034  -0.31554276  0.92071354  1.3821319  -0.37311357 -0.00696208
 -0.3910176  -0.24184045 -0.22942835 -0.06201667  0.76909614  0.7780554
 -0.29776168  0.19555469  0.7734097  -1.0227695  -0.99371344 -0.23386478
  0.6872215   1.4258207  -0.39115736  0.00622396 -0.20348139 -0.25718817
  0.14240307  0.04930284]",0.0155631155,MCDOWELL-N
validation_plots/AXISBANK_recommendation_200png.png,validation_plots/AXISBANK_recommendation_400png.png,1,"[ 0.6673653   0.84565735 -0.4539389   0.57488877  0.7459111  -1.0681114
 -1.0172677  -0.45836866  0.8540281   1.5945491  -0.38819093  0.06871933
 -0.28830412 -0.01660861  0.05878522  0.1208818   0.7658871   0.8014085
 -0.266056    0.44401067  0.8703912  -1.1827061  -0.9632668  -0.35741323
  0.82909274  1.4831383  -0.4232888  -0.08818106 -0.27804357 -0.21363989
 -0.02032554 -0.10900753]",0.015466593,AXISBANK
validation_plots/BIOCON_recommendation_200png.png,validation_plots/BIOCON_recommendation_400png.png,1,"[ 0.64541465  0.8103812  -0.27501047  0.35619938  0.576557   -0.96643203
 -1.1305968  -0.41506425  1.0408012   1.9174273  -0.7761396  -0.2756156
 -0.54867136 -0.2300244  -0.10709421 -0.18535078  0.96457505  1.1027128
 -0.35594466 -0.14955735  0.6635002  -1.2412426  -1.3773272  -0.56827676
  0.7707559   1.3401237  -0.8424864   0.12476076 -0.25913793 -0.33285597
  1.1229268   0.21304628]",0.015442885,BIOCON
validation_plots/ADANIENT_recommendation_200png.png,validation_plots/ADANIENT_recommendation_400png.png,1,"[ 0.6517038   0.9204329  -0.53092045  0.46095324  0.8042292  -1.463172
 -0.8945545   0.03056187  1.181419    1.2363143  -0.35814226 -0.34704927
 -0.14775547 -0.27060798 -0.31401286 -0.33492953  1.0432016   1.5919006
 -0.54536194 -0.6982055   0.2858618  -0.47671947 -1.8133707  -0.85429484
  0.4110876   1.2838916  -1.0990987   1.0169632   0.47420073 -0.9797023
  1.0893164   0.34332275]",0.015410237,ADANIENT
validation_plots/MARUTI_recommendation_200png.png,validation_plots/MARUTI_recommendation_400png.png,1,"[ 0.7500969   0.7560458  -0.36719626  0.5526103   0.7843088  -0.9173651
 -1.0842944  -0.36418518  0.7885033   1.4625875  -0.3454339  -0.16274738
 -0.43529812 -0.20758961  0.01260482 -0.12591493  0.7393979   0.7332083
 -0.3507253   0.47288114  0.9103119  -1.2366345  -0.9675871  -0.2601175
  0.8444351   1.3567756  -0.25344014 -0.02937132 -0.2861694  -0.2627443
 -0.04331726 -0.00501003]",0.014793955,MARUTI
validation_plots/TITAN_recommendation_200png.png,validation_plots/TITAN_recommendation_400png.png,1,"[ 0.9008724   0.80618423 -0.5245522   0.47106147  0.8421129  -1.365174
 -1.1607591  -0.58885425  1.0343649   1.3316824  -0.482459    0.01599492
 -0.20784694 -0.06944513  0.08710615 -0.057136    0.71047294  0.78173745
 -0.4419612   0.42877066  0.7703955  -1.2745669  -0.9564548  -0.22975552
  0.9022361   1.2845231  -0.3375687  -0.10927107 -0.35741326 -0.3672042
 -0.0103437  -0.07640737]",0.014754362,TITAN
validation_plots/IBULHSGFIN_recommendation_200png.png,validation_plots/IBULHSGFIN_recommendation_400png.png,1,"[ 0.9726226   0.7905733  -0.555001    0.2154357   0.76655215 -1.3862386
 -1.2383687  -0.89439166  1.0995227   1.4821773  -0.6507349   0.0567267
 -0.14931822 -0.33383614 -0.04445601  0.01864801  0.91258967  0.8998481
 -0.6466475   0.15118687  0.6122232  -1.0307555  -1.3448977  -0.4800779
  1.1497457   1.5897177  -0.4727583  -0.29128873 -0.31070796 -0.44763613
 -0.17913127 -0.2966835 ]",0.014723353,IBULHSGFIN
validation_plots/PIDILITIND_recommendation_200png.png,validation_plots/PIDILITIND_recommendation_400png.png,1,"[ 0.71112806  0.73489726 -0.38121673  0.58292645  0.73898304 -1.0280784
 -0.8645382  -0.3445418   0.8872745   1.4543     -0.20191665 -0.03776523
 -0.2754201  -0.23552108 -0.26222512 -0.01556989  0.8463682   0.99263144
 -0.5146765   0.04740909  0.8409276  -1.082294   -1.2045834  -0.33866823
  0.656137    1.319882   -0.49842358  0.25569907 -0.17165026 -0.3394637
  0.7829528   0.2114973 ]",0.014619581,PIDILITIND
validation_plots/TV18BRDCST_recommendation_200png.png,validation_plots/TV18BRDCST_recommendation_400png.png,1,"[ 9.8254496e-01  7.4735546e-01 -4.9993497e-01  2.4652930e-01
  8.0934805e-01 -1.4892325e+00 -1.1487616e+00 -4.3401232e-01
  1.6114738e+00  9.5599079e-01 -7.2004795e-01 -8.3653256e-02
  3.5091117e-04 -4.9537393e-01 -2.0161957e-01 -1.1439795e-01
  1.2950587e+00  1.0084565e+00 -5.9150070e-01 -1.4147082e-01
  8.1967300e-01 -1.3523235e+00 -1.5380929e+00 -7.2401488e-01
  1.2422676e+00  1.5073143e+00 -6.8926620e-01 -2.2164825e-01
  1.0585037e-01 -1.5614031e-01  3.8450497e-01 -1.7473137e-01]",0.014479823,TV18BRDCST
validation_plots/BRITANNIA_recommendation_200png.png,validation_plots/BRITANNIA_recommendation_400png.png,1,"[ 0.6878733   0.7293451  -0.41585687  0.563214    0.79489976 -1.1730728
 -0.9529916  -0.42132738  0.90081453  1.4880393  -0.36608076  0.08841796
 -0.4132323  -0.18390623 -0.06022918  0.01489145  0.7763567   0.8196562
 -0.37705785  0.42255646  0.86180943 -1.2049961  -0.9387329  -0.4234307
  0.85306597  1.4130758  -0.4410363   0.05848007 -0.2948641  -0.0624493
  0.06246114  0.0060994 ]",0.014350168,BRITANNIA
validation_plots/UJJIVAN_recommendation_200png.png,validation_plots/UJJIVAN_recommendation_400png.png,1,"[ 0.6415589   1.0541708  -0.62060505  0.8270924   0.8228134  -1.3564236
 -1.2392749   0.06295559  1.4874341   1.333204   -0.76531994 -0.70628947
 -0.40906373 -0.38298514 -0.6856736  -0.5650455  -0.61100495  1.3041071
 -0.90600574  0.24252312  1.1248723  -0.86934376 -0.6554754   0.53682965
  1.8139036   0.8728245  -0.48598307 -0.24848054 -0.03079782 -0.5491694
 -1.1930147  -0.49263632]",0.014164202,UJJIVAN
validation_plots/PIIND_recommendation_200png.png,validation_plots/PIIND_recommendation_400png.png,1,"[ 8.3896524e-01  8.1498986e-01 -3.6618865e-01  5.1624674e-01
  8.7834436e-01 -1.2362795e+00 -1.1592258e+00 -3.6481059e-01
  9.5715749e-01  1.3557980e+00 -5.0208145e-01 -4.1796826e-05
 -2.2788066e-01 -1.3985397e-01  6.5893710e-02  1.7877303e-02
  8.1001526e-01  7.6493412e-01 -3.9377180e-01  9.6421883e-02
  8.6312538e-01 -1.2138646e+00 -1.0861641e+00 -3.8276798e-01
  6.9910443e-01  1.3431268e+00 -5.5609012e-01  6.2838800e-02
 -1.0672602e-01 -3.1094626e-01  4.1370806e-01  1.5114278e-01]",0.0141282305,PIIND
validation_plots/LALPATHLAB_recommendation_200png.png,validation_plots/LALPATHLAB_recommendation_400png.png,1,"[ 0.69763404  0.99983764 -0.5079212   0.58619404  0.75943786 -1.1594374
 -1.1420768  -0.41067672  1.1196022   1.569521   -0.5233147   0.29265448
 -0.26602483 -0.13208213  0.13265008  0.24643743  0.9349582   0.9738189
 -0.29934227 -0.2738004   0.7279227  -1.1245828  -1.176544   -0.64445037
  0.5956681   1.3835675  -0.6103641   0.12153651 -0.22009742 -0.42433894
  0.8498289   0.11959719]",0.013896398,LALPATHLAB
validation_plots/TCS_recommendation_200png.png,validation_plots/TCS_recommendation_400png.png,1,"[ 0.91871935  0.7220803  -0.41347155  0.2853014   0.8738645  -1.3743696
 -1.0201932  -0.47258347  0.9920927   1.3549794  -0.49496907 -0.04306944
 -0.2873623  -0.20263736  0.13913384 -0.06227192  0.87419975  0.77748775
 -0.46957856  0.43120462  0.8759672  -0.95140606 -1.1871587  -0.54428995
  0.90793335  1.5027539  -0.4803598  -0.00951718 -0.28813702 -0.04365614
  0.13706306  0.08380836]",0.013711482,TCS
validation_plots/DRREDDY_recommendation_200png.png,validation_plots/DRREDDY_recommendation_400png.png,1,"[ 0.8263678   0.7845231  -0.4356941   0.42797428  0.91188043 -1.3894184
 -1.0734948  -0.37318617  0.99084294  1.271083   -0.6201513  -0.00528814
 -0.22666016 -0.25917345  0.18868694  0.02550178  0.68628347  0.5788083
 -0.397195    0.41701818  0.8463751  -1.2052548  -0.95680845 -0.24458513
  0.91771793  1.2937844  -0.2963426  -0.16908932 -0.39897314 -0.41130853
 -0.0751518  -0.14631054]",0.013669923,DRREDDY
validation_plots/CUB_recommendation_200png.png,validation_plots/CUB_recommendation_400png.png,1,"[ 0.66427463  1.0139714  -0.6535111   0.69932836  0.74263144 -1.2433732
 -1.2585044  -0.64243203  1.0973425   1.6183416  -0.74370646 -0.3218367
 -0.5570846   0.02479458 -0.07565624 -0.2112979   1.2088257   1.340419
 -0.61227506 -1.0036881   0.46539047 -0.8381227  -1.3546883  -0.6826363
  0.34373245  1.1902939  -0.7777386   0.64868397  0.39793724 -0.93126595
  1.2213777   0.12442926]",0.013604663,CUB
validation_plots/CANFINHOME_recommendation_200png.png,validation_plots/CANFINHOME_recommendation_400png.png,1,"[ 1.000765    0.92977977 -0.49029827  0.18924434  0.8035251  -1.3087418
 -1.3204402  -0.7491779   0.94826496  1.6082559  -0.8086499  -0.08586808
 -0.14941695 -0.3564797   0.5872754   0.12464247  0.42179593  0.73919743
 -0.4291651   0.6320676   0.65013146 -1.4026213  -0.89563996 -0.17659186
  1.153669    1.4247906  -0.31437236 -0.4458456  -0.61091065 -0.36323285
 -0.5502877  -0.411305  ]",0.012689926,CANFINHOME
validation_plots/INDUSINDBK_recommendation_200png.png,validation_plots/INDUSINDBK_recommendation_400png.png,1,"[ 0.825559    0.8123552  -0.49772102  0.44200253  0.79895    -1.2848754
 -1.2712497  -0.6785128   0.928514    1.4479012  -0.6394528   0.13805364
 -0.28134516 -0.15064813  0.27034822  0.08333246  0.7760941   0.7067545
 -0.38585413  0.30182773  0.82358223 -1.1689458  -0.94581085 -0.16588762
  0.91011906  1.2798972  -0.29069752 -0.05672665 -0.22062847 -0.36823335
 -0.0306354  -0.00319529]",0.012543865,INDUSINDBK
validation_plots/LTTS_recommendation_200png.png,validation_plots/LTTS_recommendation_400png.png,1,"[ 8.5153425e-01  8.3571148e-01 -4.1837037e-01  3.1158036e-01
  7.9936373e-01 -1.6498575e+00 -1.0638087e+00 -6.5986979e-01
  1.0694470e+00  1.1818038e+00 -5.0753188e-01  6.4374600e-04
 -1.7381310e-01 -3.3063704e-01  3.1092012e-01  2.2506185e-02
  9.7944802e-01  8.4128410e-01 -2.4920440e-01  1.4218669e-01
  7.8845787e-01 -1.1202245e+00 -1.1734717e+00 -3.4791273e-01
  8.8668287e-01  1.4061763e+00 -5.6118047e-01 -8.0958948e-02
 -2.0609307e-01 -1.5533277e-01  2.5221798e-01 -2.0483285e-03]",0.012440562,LTTS
validation_plots/RBLBANK_recommendation_200png.png,validation_plots/RBLBANK_recommendation_400png.png,1,"[ 0.9013899   1.0131834  -0.478325    0.39319074  0.7618776  -1.3464801
 -1.3674486  -0.7199562   1.0653601   1.5146948  -0.6056719  -0.01271214
 -0.0192469   0.04549479  0.27399576  0.10888048  0.49912137  1.0851262
 -0.8125845   0.39651543  0.8287907  -0.999348   -1.2779388   0.25831202
  1.3778881   1.4024552  -0.49406528 -0.76376444 -0.22630233 -0.4156724
 -0.7059582  -0.62944555]",0.012341902,RBLBANK
validation_plots/SRF_recommendation_200png.png,validation_plots/SRF_recommendation_400png.png,1,"[ 0.9363259   0.8901324  -0.42278045  0.34373605  0.8833074  -1.4069023
 -1.2744863  -0.5870114   0.92720413  1.4496284  -0.52004665 -0.15469491
 -0.31349015 -0.14168446  0.3992928   0.01161309  0.9501505   0.79721093
 -0.3725852   0.16861434  0.81963384 -1.0148597  -1.2585688  -0.45189834
  0.88305986  1.4615991  -0.61680007  0.23638114 -0.10068913 -0.23666644
  0.5543921   0.22132248]",0.012270324,SRF
validation_plots/ESCORTS_recommendation_200png.png,validation_plots/ESCORTS_recommendation_400png.png,1,"[ 0.4627959   1.140646   -0.5129157   0.26459593  0.6163913  -1.1628802
 -1.2137303  -0.16094404  0.68517625  1.5445516  -0.5894369   0.03918554
 -0.44702575 -0.261231    0.62672883  0.01132745  0.3392934   0.6686064
 -0.2535189   0.14269443  0.5741131  -1.2261705  -0.9803813  -0.13750573
  0.8826624   1.4660914  -0.55288005 -0.38769987 -0.53954047 -0.33477762
 -0.36711898 -0.36181366]",0.012241282,ESCORTS
validation_plots/TATAELXSI_recommendation_200png.png,validation_plots/TATAELXSI_recommendation_400png.png,1,"[ 0.8045793   0.8159703  -0.55039465  0.48399657  0.8376654  -1.1550298
 -1.2142417  -0.64750683  1.0645986   1.1719697  -0.6763568   0.1291215
 -0.16460115 -0.3607232   0.12870228  0.14408678  0.9261004   0.8242832
 -0.40859127  0.14112313  0.89970046 -1.3458741  -1.1213264  -0.4166048
  0.86080647  1.282874   -0.53485835  0.113701   -0.05852795 -0.22914118
  0.28626063  0.15464465]",0.011761583,TATAELXSI
validation_plots/INDIACEM_recommendation_200png.png,validation_plots/INDIACEM_recommendation_400png.png,1,"[ 0.85314095  1.0617723  -0.5763739  -0.03889032  0.6699691  -1.3839772
 -1.2576299  -0.9094591   0.97748303  1.5712067  -0.7902695   0.02303188
 -0.19352241 -0.33232924  0.5122042   0.16038805  1.127099    1.0501031
 -0.5655206  -0.31936985  0.72423553 -1.2459407  -1.5120295  -0.9396959
  0.8000212   1.594931   -0.79061365  0.08235406 -0.17459708 -0.5005559
  1.000312    0.19732344]",0.011636592,INDIACEM
validation_plots/COFORGE_recommendation_200png.png,validation_plots/COFORGE_recommendation_400png.png,1,"[ 0.8904119   0.81286883 -0.330538    0.28530926  0.86975896 -1.6028411
 -0.88281107 -0.52543235  1.0731258   1.176092   -0.5276301  -0.08764209
 -0.15455055 -0.18561828  0.32095242  0.07916443  0.80605334  0.8919722
 -0.88172877  0.522631    0.9036421  -1.2915735  -1.2960061  -0.43585053
  1.11728     1.4214569  -0.3841014  -0.21250463 -0.15279827 -0.23732275
 -0.2365796  -0.20681846]",0.010770567,COFORGE
validation_plots/CHOLAFIN_recommendation_200png.png,validation_plots/CHOLAFIN_recommendation_400png.png,1,"[ 0.73063755  1.0860592  -0.41434857  0.33954686  0.75579387 -1.2746456
 -1.332528   -0.43557313  0.93234646  1.5509629  -0.6067425   0.15041752
 -0.26424193 -0.174898    0.44777337  0.17647007  0.23820734  1.0680579
 -0.8974033   0.6668683   0.6194364  -1.3769732  -0.79454815  0.16350324
  1.5033419   1.3789684  -0.38881487 -0.801632   -0.3465653  -0.41096932
 -1.0275028  -0.9861054 ]",0.0107245,CHOLAFIN
validation_plots/BAJAJFINSV_recommendation_200png.png,validation_plots/BAJAJFINSV_recommendation_400png.png,1,"[ 0.74041647  0.7954683  -0.5186591   0.33538085  0.83213407 -1.0765634
 -1.2477195  -0.58000404  0.8715322   1.2731276  -0.6191628   0.23674282
 -0.19112517 -0.2581143   0.31632048  0.18922123  0.9100729   0.77291197
 -0.40515843  0.02718051  0.8040973  -0.9108166  -1.2070829  -0.24827033
  0.7594229   1.2929186  -0.67153823  0.3492782  -0.17007264 -0.41463998
  0.58487743  0.23726296]",0.0101407245,BAJAJFINSV
validation_plots/HINDUNILVR_recommendation_200png.png,validation_plots/HINDUNILVR_recommendation_400png.png,1,"[ 0.806946    0.95397747 -0.43761155  0.3630759   0.80029255 -1.2797899
 -1.231447   -0.76044524  0.9431274   1.4169736  -0.80454636  0.21367334
 -0.31323037 -0.4050669   0.54550505  0.17796768  0.92387897  0.69503564
 -0.48501962  0.13699387  0.9153046  -1.0556445  -1.1905003  -0.5641395
  0.7886319   1.2735715  -0.62686896  0.19090202 -0.18234019 -0.52578866
  0.5789365   0.18290602]",0.009728536,HINDUNILVR
validation_plots/RAIN_recommendation_200png.png,validation_plots/RAIN_recommendation_400png.png,1,"[ 1.0106273   0.8982768  -0.39733282 -0.02993698  0.8118627  -1.3143985
 -1.4720213  -0.69456863  0.9380789   1.4937583  -0.7498572   0.07750181
 -0.21614492 -0.14235978  0.54933935  0.22404718  0.9833465   0.9663168
 -0.5504438  -0.10566419  0.7233449  -1.251406   -1.4789085  -0.6084695
  0.8160832   1.2270103  -0.6868464   0.43267873 -0.07720229 -0.5400447
  0.8678681   0.2364547 ]",0.009640351,RAIN
validation_plots/KOTAKBANK_recommendation_200png.png,validation_plots/KOTAKBANK_recommendation_400png.png,1,"[ 0.92259204  0.8925626  -0.5475847   0.23071663  0.9058581  -1.2443321
 -1.2387098  -0.70348364  0.8916315   1.27843    -0.7604886   0.1165332
 -0.10119031 -0.28102955  0.7260851   0.30592242  0.9135402   0.950858
 -0.5334208  -0.07070144  0.85785544 -1.1216831  -1.2901362  -0.49499884
  0.64802086  1.2793822  -0.56784153  0.4466756  -0.06934887 -0.584348
  0.8205036   0.30791673]",0.009528607,KOTAKBANK
validation_plots/DIVISLAB_recommendation_200png.png,validation_plots/DIVISLAB_recommendation_400png.png,1,"[ 0.72270024  0.8992026  -0.4075631   0.3421527   0.7454442  -1.067975
 -1.0663108  -0.26399654  0.816648    1.5291425  -0.4070725   0.18085274
 -0.30500558 -0.2404294   0.46063396  0.15752837  0.9042814   0.83898526
 -0.3013722   0.18639858  0.75001264 -1.2497528  -1.0459125  -0.38178748
  0.8424814   1.461985   -0.5690291  -0.22162345 -0.15324527 -0.13000585
  0.2638258  -0.07176679]",0.009244226,DIVISLAB
validation_plots/MPHASIS_recommendation_200png.png,validation_plots/MPHASIS_recommendation_400png.png,1,"[ 0.88372564  0.8257307  -0.4649597   0.05739592  0.7562823  -1.2655759
 -1.1683835  -0.7552586   0.9028759   1.4132664  -0.8163997   0.13004695
 -0.21837851 -0.49223533  0.3643166   0.13662687  1.0044149   0.81697506
 -0.3335851   0.25605726  0.8264923  -1.252928   -1.2603506  -0.47870335
  1.0777006   1.4625391  -0.6681361  -0.07747461 -0.3745245  -0.05881523
  0.0797742   0.07463169]",0.008884698,MPHASIS
validation_plots/LTIM_recommendation_200png.png,validation_plots/LTIM_recommendation_400png.png,1,"[ 0.77168167  0.9302491  -0.59571695  0.22937961  0.8057487  -1.1594234
 -1.1250604  -0.8174462   0.79141057  1.2875772  -0.61658454  0.26112947
 -0.01760553 -0.42691314  0.4517535   0.29605997  0.96411633  0.7575055
 -0.33482397  0.11937383  0.8753621  -1.1278481  -1.1341331  -0.38999635
  0.82007337  1.3612187  -0.50276387 -0.05111621 -0.06016548 -0.1635438
  0.26468685  0.05199915]",0.008784652,LTIM
validation_plots/TATACHEM_recommendation_200png.png,validation_plots/TATACHEM_recommendation_400png.png,1,"[ 0.92527735  1.076869   -0.3745896   0.09660487  0.7588038  -1.3597538
 -1.4799417  -0.65337926  0.75490046  1.5427729  -0.6878954   0.15676828
 -0.21594474 -0.09650281  0.65223366  0.13964412  0.9372769   0.9132376
 -0.53147805  0.10642362  0.7839086  -1.1587889  -1.3804412  -0.521536
  0.8702481   1.3953731  -0.580724    0.16226378 -0.19160484 -0.1873802
  0.75315964  0.18871135]",0.008626588,TATACHEM
validation_plots/TECHM_recommendation_200png.png,validation_plots/TECHM_recommendation_400png.png,1,"[ 0.8501195   0.87967825 -0.34503502  0.16175137  0.7523457  -1.0043066
 -1.0572089  -0.39216015  0.82920825  1.4629418  -0.57632947  0.10516678
 -0.2497519  -0.36864772  0.5309631   0.14127219  0.8600124   0.7422136
 -0.34462816  0.3490675   0.87901264 -1.1950855  -1.1922915  -0.34548324
  0.8839396   1.4043868  -0.46013147 -0.13238995 -0.2660176  -0.12763408
  0.08950931 -0.00313488]",0.007875428,TECHM
validation_plots/DABUR_recommendation_200png.png,validation_plots/DABUR_recommendation_400png.png,1,"[ 0.8346826   0.96887004 -0.40323138  0.20306276  0.775978   -1.1775367
 -1.1427501  -0.39602447  0.72353494  1.3788892  -0.64731956  0.11356907
 -0.17853685 -0.40082183  0.7774463   0.12606537  0.92138517  0.88960814
 -0.40970677 -0.06171273  0.8552257  -1.0984144  -1.166265   -0.48228857
  0.6697217   1.2634666  -0.6731236   0.17969759 -0.14189939 -0.40142816
  0.8755047   0.22410655]",0.007546112,DABUR
validation_plots/PRAJIND_recommendation_200png.png,validation_plots/PRAJIND_recommendation_400png.png,1,"[ 0.75227904  1.2267692  -0.5487881  -0.10633916  0.6051002  -1.2498479
 -1.4250293  -0.7058907   0.59757316  1.4276378  -0.806584    0.33818027
 -0.134184   -0.44287995  1.1397927   0.25202164  0.42749843  0.8053472
 -0.588661    0.26237136  0.6157482  -1.386375   -1.2059659  -0.03631566
  1.2461144   1.5226548  -0.6193681  -0.80684215 -0.5697204  -0.37750968
 -0.4741558  -0.53193843]",0.0072753653,PRAJIND
validation_plots/TATACOMM_recommendation_200png.png,validation_plots/TATACOMM_recommendation_400png.png,1,"[ 0.96432877  0.9172885  -0.35437974  0.04261529  0.71859217 -1.0232896
 -1.3013005  -0.6274441   0.8438959   1.3617356  -0.742689    0.24573538
 -0.01960254 -0.24535078  0.6285076   0.25172272  0.8203567   0.753425
 -0.5108186   0.38135463  0.9116779  -1.2741868  -1.1141753  -0.07292448
  1.0640491   1.4207091  -0.2950253  -0.36827    -0.20796299 -0.3095039
 -0.29121062 -0.35002726]",0.00702253,TATACOMM
validation_plots/APLAPOLLO_recommendation_200png.png,validation_plots/APLAPOLLO_recommendation_400png.png,1,"[ 0.8007545   1.1282179  -0.48936123  0.2948441   0.85823375 -1.1958082
 -1.54588    -0.6075003   0.8923348   1.3884906  -0.7200339   0.40363637
 -0.07697596 -0.23409677  0.7542761   0.41457242  0.6135174   0.7929135
 -0.514138    0.70563656  0.7871035  -1.2404306  -1.1374183  -0.12024558
  1.3742068   1.2076987  -0.544868   -0.31477958 -0.26752952 -0.28573912
 -0.46068463 -0.18638748]",0.0066571906,APLAPOLLO
validation_plots/JUBLFOOD_recommendation_200png.png,validation_plots/JUBLFOOD_recommendation_400png.png,1,"[ 0.79114306  1.0902855  -0.60660225 -0.07425136  0.6945399  -1.3289614
 -1.3479877  -0.7644265   0.68730855  1.3487785  -0.6644546   0.31703606
 -0.12737678 -0.5197022   1.1251541   0.32984564  0.95779544  0.9050921
 -0.4628714  -0.19407101  0.7981741  -1.0578718  -1.238764   -0.58052105
  0.7292365   1.2760775  -0.7106204   0.25813708 -0.12489693 -0.537201
  1.0219743   0.3336988 ]",0.0059637427,JUBLFOOD
validation_plots/IDFC_recommendation_200png.png,validation_plots/IDFC_recommendation_400png.png,1,"[ 1.1167519   1.080431   -0.5308595  -0.29683268  0.8274051  -1.2132442
 -1.44139    -0.5524489   0.677364    1.3039392  -0.7194315   0.3694184
  0.00464011 -0.49863186  1.0419811   0.25725377  0.524005    0.8782847
 -0.8262003   0.48703235  0.8232284  -1.1663542  -0.97675234  0.18028595
  1.4064314   1.1859429  -0.2079245  -0.46340925 -0.26521513 -0.38153365
 -0.5767328  -0.66876453]",0.0051143095,IDFC
validation_plots/IGL_recommendation_200png.png,validation_plots/IGL_recommendation_400png.png,1,"[ 0.8849442   1.1058415  -0.27513692  0.0481731   0.7825486  -1.0565686
 -1.4981678  -0.4553988   0.7373383   1.5531402  -0.7751509   0.28369728
 -0.2862746  -0.1303835   0.9385745   0.2824053   0.85542905  0.8299812
 -0.38664156  0.38305265  0.845065   -1.2905037  -1.066942   -0.46972775
  1.005324    1.3888355  -0.56435966  0.1439148  -0.30616423 -0.1286023
  0.35454583  0.18634951]",0.0049517527,IGL
validation_plots/MARICO_recommendation_200png.png,validation_plots/MARICO_recommendation_400png.png,1,"[ 0.71517825  1.1055753  -0.3711666   0.03173797  0.7019256  -1.2790875
 -1.0879343  -0.41780397  0.6273352   1.3024251  -0.6173502   0.2941275
 -0.24753097 -0.42668858  0.9659751   0.12076693  0.6829532   0.8059752
 -0.3756437   0.4945315   0.7720309  -1.3048048  -1.010897   -0.5249468
  0.9007077   1.41122    -0.3959622  -0.00645177 -0.36031687 -0.19074751
 -0.01163056 -0.0127828 ]",0.0048026964,MARICO
validation_plots/BATAINDIA_recommendation_200png.png,validation_plots/BATAINDIA_recommendation_400png.png,1,"[ 0.96288615  0.9201629  -0.7056895  -0.15769511  0.9008195  -1.0906723
 -1.3905344  -0.5622112   0.53503907  1.1596538  -0.61250556  0.50952375
  0.10279107 -0.64098924  0.9175357   0.23258358  0.93005544  0.80583096
 -0.44083604 -0.12620968  0.87462467 -0.9073273  -1.1267732  -0.45445818
  0.61363614  1.255227   -0.6301154   0.6184297  -0.05216381 -0.5502269
  0.6775694   0.31415325]",0.0047269017,BATAINDIA
validation_plots/ASIANPAINT_recommendation_200png.png,validation_plots/ASIANPAINT_recommendation_400png.png,1,"[ 0.95559126  0.9611907  -0.643192   -0.21086667  0.89320797 -1.0149355
 -1.370211   -0.39820933  0.5293261   1.1716224  -0.58589375  0.5650591
  0.1351532  -0.739055    0.85133713  0.29579157  0.95340985  0.76055783
 -0.50865525 -0.04890607  0.80755264 -1.1272438  -1.28426    -0.5987386
  0.7729875   1.2677866  -0.6416093   0.17920433  0.01888389 -0.48093978
  0.4871302   0.17210521]",0.004714377,ASIANPAINT
validation_plots/BAJFINANCE_recommendation_200png.png,validation_plots/BAJFINANCE_recommendation_400png.png,1,"[ 0.97792655  0.98704696 -0.6529227  -0.32366025  0.918421   -1.1598318
 -1.4745543  -0.48186412  0.51059544  1.1056312  -0.6479211   0.5485344
  0.10648368 -0.6617798   1.0883056   0.33970258  0.79507774  0.7454597
 -0.36998102  0.15203775  0.7608225  -1.3057303  -1.026892   -0.4609751
  0.756951    1.260322   -0.5338905   0.01554711 -0.21001312 -0.31689435
  0.36246446  0.02863211]",0.004368812,BAJFINANCE
validation_plots/BALRAMCHIN_recommendation_200png.png,validation_plots/BALRAMCHIN_recommendation_400png.png,1,"[ 0.79404354  1.2022072  -0.4820606  -0.09982184  0.6559999  -1.2296443
 -1.4046934  -0.6675245   0.6360023   1.2415967  -0.77573335  0.5445778
  0.0444147  -0.5549555   1.1204716   0.36079046  0.83359814  0.86874616
 -0.36476526  0.38782358  0.78440773 -1.3073027  -1.2023584  -0.66367954
  0.92088234  1.4643431  -0.6204411   0.02139821 -0.29579246 -0.10553008
  0.23245695 -0.01625656]",0.003670752,BALRAMCHIN
validation_plots/UPL_recommendation_200png.png,validation_plots/UPL_recommendation_400png.png,1,"[ 1.0573162   1.27115    -0.61179036 -0.58105475  0.76079404 -0.96985644
 -1.500144   -0.6000499   0.3692547   1.3697374  -0.82319427  0.74663377
  0.31719354 -0.7904885   1.0314538   0.337657    1.0009192   1.2284095
 -0.5676438  -0.8721998   0.53681445 -1.1839738  -1.097011   -0.62827045
  0.40311763  0.84449744 -0.7007351   0.65086585  0.1822573  -0.65928614
  0.98455274  0.14593099]",0.002980657,UPL
validation_plots/BERGEPAINT_recommendation_200png.png,validation_plots/BERGEPAINT_recommendation_400png.png,1,"[ 1.1994119   1.0783944  -0.50487405 -0.6083045   0.8597987  -1.2478845
 -1.2598134  -0.55891955  0.5520536   1.1165284  -0.6537026   0.48983634
  0.15719394 -0.5797681   0.828743    0.19701281  0.89665407  0.73937947
 -0.3797076   0.09168224  0.8849459  -1.2043588  -0.9760295  -0.32306838
  0.78555965  1.169561   -0.36780894  0.15483798 -0.03991659 -0.24662411
  0.24006245  0.15345338]",0.0027650744,BERGEPAINT
validation_plots/DELTACORP_recommendation_200png.png,validation_plots/DELTACORP_recommendation_400png.png,1,"[ 1.1129253   1.1190507  -0.6165389  -0.26566276  0.6979796  -1.180074
 -1.3867235  -0.8622502   0.84119916  1.4071021  -0.856295    0.41144603
  0.17450447 -0.4602098   0.7862691   0.23422965  1.3093344   1.314257
 -0.6903187  -1.2583687   0.42021877 -1.1111557  -1.0402575  -0.77235776
  0.49697623  1.1786968  -0.717577    0.82599556  0.39538366 -0.7653699
  0.793069    0.07884528]",0.0026854575,DELTACORP
validation_plots/IDFCFIRSTB_recommendation_200png.png,validation_plots/IDFCFIRSTB_recommendation_400png.png,1,"[ 1.1077358   1.1769267  -0.7186461  -0.58082134  0.80867416 -1.169982
 -1.4830937  -0.6763913   0.48711666  1.081781   -0.72803926  0.67937845
  0.1831265  -0.563213    1.0980479   0.3098162   0.6726561   0.7511014
 -0.3367917   0.38309777  0.8204534  -1.3051243  -0.68903756  0.0358486
  1.0867184   1.0761867  -0.3094899  -0.17532718 -0.19729711 -0.4542452
 -0.2115987  -0.0928716 ]",0.0022413135,IDFCFIRSTB
validation_plots/PEL_recommendation_200png.png,validation_plots/PEL_recommendation_400png.png,1,"[ 1.0782071   1.2509589  -0.5273868  -0.91425574  0.6167808  -1.3601508
 -1.23469    -0.732735    0.38505143  0.87248725 -0.77613854  0.8128371
  0.41828617 -0.53763527  1.2262921   0.2370421   1.1148975   0.826903
 -0.3581879   0.07568711  0.78583604 -1.4252796  -1.4935329  -0.6233192
  1.0384547   1.4772084  -0.7751181  -0.1026799  -0.20975927 -0.26626617
  0.4297258   0.01588976]",0.0010197163,PEL
validation_plots/RENUKA_recommendation_200png.png,validation_plots/RENUKA_recommendation_400png.png,1,"[ 1.1623532   1.33645    -0.4959697  -0.9764855   0.5236999  -1.1220934
 -1.3797014  -0.7896556   0.49733981  1.0233293  -0.8460876   0.81611854
  0.37706152 -0.6288679   1.1715456   0.23905826  1.3578482   1.1479418
 -0.5338094  -0.8677014   0.75794184 -1.1030924  -1.4595815  -0.6978489
  0.5643985   0.9970717  -0.8014494   0.61637306  0.31944773 -0.73369014
  1.1636252   0.16389038]",0.00034131855,RENUKA
validation_plots/ZEEL_recommendation_200png.png,validation_plots/ZEEL_recommendation_400png.png,1,"[ 1.3104528   1.8727509  -0.8844789  -1.0488952  -0.14761515 -0.9763745
 -1.3718764  -0.6105909   0.29710677  1.3559086  -0.5097748   1.4260281
  0.17930837 -0.5979754   0.42175096 -0.16941926  1.6644952   1.1907743
 -0.7066881  -1.2621739   0.44766912 -1.1799881  -1.1282343  -0.8543019
  0.7208854   1.0761809  -0.64040947  0.51292634  0.18853495 -0.5337652
  0.8321373  -0.11497325]",-0.00087278336,ZEEL
validation_plots/NAVINFLUOR_recommendation_200png.png,validation_plots/NAVINFLUOR_recommendation_400png.png,1,"[ 1.2066847   1.592778   -0.66356105 -1.2471678   0.54433286 -0.9869389
 -1.2775733  -0.99868226  0.36191338  1.072263   -0.76231456  0.7557084
  0.47188175 -0.98649687  1.3415173   0.22870469  1.0099559   0.9525403
 -0.77944016 -0.16468677  0.7614373  -1.1957896  -1.3194956  -0.7080041
  0.6599777   1.1685448  -0.65960836  0.5169446   0.16838373 -0.54344815
  0.587385    0.19770762]",-0.001290895,NAVINFLUOR
